"id","owner_first_name","owner_last_name","business_name","business_address","business_phone_number","bir_registration_url","business_certificate_url","mayors_permit_url","username","email","cover_photo_url","services_offered","does_delivery","about_business","exact_location","business_hours","is_online","open_hours","availability_status","operating_hours","time_slots","latitude","longitude","status","rejection_reason","rejection_notes"
"3f4a8b2e-1a7e-4d5f-9c8d-1234567890ab","Maria","Concepcion","Labadabango Laundry House","M Tower, Malvar St. corner Talakitok St., Brgy. Mandaragat, Puerto Princesa City","0953-059-0238","","","","labadabango","labadabango@gmail.com","","[{""service"": ""Wash & Fold"", ""price"": 280}, {""service"": ""Wash & Fold"", ""price"": 225}]","true","Family-owned laundry shop offering affordable services with LG industrial washing machines. Prime location near hospitals, schools, and BPOs.","Malvar St. corner Talakitok St., Brgy. Mandaragat","{""monday"": {""open"": ""07:00"", ""close"": ""22:00""}, ""tuesday"": {""open"": ""07:00"", ""close"": ""22:00""}, ""wednesday"": {""open"": ""07:00"", ""close"": ""22:00""}, ""thursday"": {""open"": ""07:00"", ""close"": ""22:00""}, ""friday"": {""open"": ""07:00"", ""close"": ""22:00""}, ""saturday"": {""open"": ""07:00"", ""close"": ""22:00""}, ""sunday"": {""open"": ""07:00"", ""close"": ""22:00""}}","true","7:00 AM - 10:00 PM","Open Slots","{""open_hour"": 7, ""close_hour"": 22, ""open_minute"": 0, ""close_minute"": 0}","[{""slot"": ""07:00-09:00"", ""available"": true}, {""slot"": ""09:00-11:00"", ""available"": true}]","9.7400","118.7400","pending","",""
"7b9c3d4e-2f8a-4b5f-9c7d-2345678901bc","Juan","Delacruz","San Miguel Laundry Services","National Highway, Brgy. San Miguel, Puerto Princesa City","0927-123-4567","","","","sanmiguellaundry","sanmiguellaundry@yahoo.com","","[{""service"": ""Self-Service Wash"", ""price"": 75}, {""service"": ""Self-Service Dry"", ""price"": 70}, {""service"": ""Full Service"", ""price"": 45}]","false","Local laundry shop catering to residents and tourists with self-service and full-service options. Convenient location on national highway.","National Highway, Brgy. San Miguel","{""monday"": {""open"": ""09:00"", ""close"": ""19:00""}, ""tuesday"": {""open"": ""09:00"", ""close"": ""19:00""}, ""wednesday"": {""open"": ""09:00"", ""close"": ""19:00""}, ""thursday"": {""open"": ""09:00"", ""close"": ""19:00""}, ""friday"": {""open"": ""09:00"", ""close"": ""19:00""}, ""saturday"": {""open"": ""09:00"", ""close"": ""19:00""}, ""sunday"": {""open"": ""09:00"", ""close"": ""19:00""}}","true","9:00 AM - 7:00 PM","Open Slots","{""open_hour"": 9, ""close_hour"": 19, ""open_minute"": 0, ""close_minute"": 0}","[{""slot"": ""09:00-11:00"", ""available"": true}, {""slot"": ""11:00-13:00"", ""available"": true}]","9.7350","118.7350","pending","",""
"4a2d5f8e-3c9b-4a8f-8e5f-3456789012cd","Roberto","Lim","Master Wash Laundromat","Rizal Avenue, Brgy. San Pedro, Puerto Princesa City","0935-987-6543","","","","masterwash","masterwash@gmail.com","","[{""service"": ""Self-Service Wash"", ""price"": 75}, {""service"": ""Self-Service Dry"", ""price"": 70}, {""service"": ""Wash & Fold"", ""price"": 50}]","false","Self-service laundromat with LG washers and dryers. Popular among students and young professionals.","Rizal Avenue, Brgy. San Pedro","{""monday"": {""open"": ""08:00"", ""close"": ""20:00""}, ""tuesday"": {""open"": ""08:00"", ""close"": ""20:00""}, ""wednesday"": {""open"": ""08:00"", ""close"": ""20:00""}, ""thursday"": {""open"": ""08:00"", ""close"": ""20:00""}, ""friday"": {""open"": ""08:00"", ""close"": ""20:00""}, ""saturday"": {""open"": ""08:00"", ""close"": ""20:00""}, ""sunday"": {""open"": ""08:00"", ""close"": ""20:00""}}","true","8:00 AM - 8:00 PM","Open Slots","{""open_hour"": 8, ""close_hour"": 20, ""open_minute"": 0, ""close_minute"": 0}","[{""slot"": ""08:00-10:00"", ""available"": true}, {""slot"": ""10:00-12:00"", ""available"": true}]","9.7450","118.7450","pending","",""
"8e1f4a7d-4b5c-4a9f-9e6f-4567890123de","Carmen","Tan","Quick Clean Laundry","B.M. Road near Robinsons Mall, Brgy. San Manuel, Puerto Princesa City","0948-555-7890","","","","quickclean","quickclean@hotmail.com","","[{""service"": ""Per Kilo Service"", ""price"": 20}, {""service"": ""Express Service"", ""price"": 30}]","true","Affordable laundry service near Robinsons Mall. Quick turnaround with pick-up and delivery options.","B.M. Road, Brgy. San Manuel","{""monday"": {""open"": ""07:00"", ""close"": ""19:00""}, ""tuesday"": {""open"": ""07:00"", ""close"": ""19:00""}, ""wednesday"": {""open"": ""07:00"", ""close"": ""19:00""}, ""thursday"": {""open"": ""07:00"", ""close"": ""19:00""}, ""friday"": {""open"": ""07:00"", ""close"": ""19:00""}, ""saturday"": {""open"": ""07:00"", ""close"": ""19:00""}, ""sunday"": {""open"": ""08:00"", ""close"": ""18:00""}}","true","7:00 AM - 7:00 PM","Open Slots","{""open_hour"": 7, ""close_hour"": 19, ""open_minute"": 0, ""close_minute"": 0}","[{""slot"": ""07:00-09:00"", ""available"": true}, {""slot"": ""09:00-11:00"", ""available"": true}]","9.7330","118.7330","pending","",""
"2c7e9a5f-5b8d-4a7f-8e7e-5678901234ef","Linda","Santos","Palawan Laundry Express","National Highway, Brgy. Santa Monica, Puerto Princesa City","0921-234-5678","","","","palawanexpress","palawanexpress@yahoo.com","","[{""service"": ""Regular Wash"", ""price"": 35}, {""service"": ""Dry Cleaning"", ""price"": 150}, {""service"": ""Ironing"", ""price"": 25}]","true","Comprehensive laundry services including dry cleaning and ironing. Serving residential and commercial clients.","National Highway, Brgy. Santa Monica","{""monday"": {""open"": ""08:00"", ""close"": ""18:00""}, ""tuesday"": {""open"": ""08:00"", ""close"": ""18:00""}, ""wednesday"": {""open"": ""08:00"", ""close"": ""18:00""}, ""thursday"": {""open"": ""08:00"", ""close"": ""18:00""}, ""friday"": {""open"": ""08:00"", ""close"": ""18:00""}, ""saturday"": {""open"": ""08:00"", ""close"": ""18:00""}, ""sunday"": {""open"": ""09:00"", ""close"": ""17:00""}}","true","8:00 AM - 6:00 PM","Open Slots","{""open_hour"": 8, ""close_hour"": 18, ""open_minute"": 0, ""close_minute"": 0}","[{""slot"": ""08:00-10:00"", ""available"": true}, {""slot"": ""10:00-12:00"", ""available"": true}]","9.7500","118.7500","pending","",""
"9f3e8b6f-6c8a-4b6f-9f8f-6789012345ab","Ramon","Garcia","Clean & Fresh Laundry","Rizal Street, Brgy. Tiniguiban, Puerto Princesa City","0936-789-0123","","","","cleanfresh","cleanfresh@gmail.com","","[{""service"": ""Wash & Fold"", ""price"": 40}, {""service"": ""Bedsheet Cleaning"", ""price"": 80}, {""service"": ""Curtain Cleaning"", ""price"": 120}]","true","Neighborhood laundry shop specializing in household items and regular clothing. Friendly service with quick turnaround.","Rizal Street, Brgy. Tiniguiban","{""monday"": {""open"": ""07:30"", ""close"": ""18:30""}, ""tuesday"": {""open"": ""07:30"", ""close"": ""18:30""}, ""wednesday"": {""open"": ""07:30"", ""close"": ""18:30""}, ""thursday"": {""open"": ""07:30"", ""close"": ""18:30""}, ""friday"": {""open"": ""07:30"", ""close"": ""18:30""}, ""saturday"": {""open"": ""07:30"", ""close"": ""18:30""}, ""sunday"": {""open"": ""08:00"", ""close"": ""17:00""}}","true","7:30 AM - 6:30 PM","Open Slots","{""open_hour"": 7, ""close_hour"": 18, ""open_minute"": 30, ""close_minute"": 30}","[{""slot"": ""07:30-09:30"", ""available"": true}, {""slot"": ""09:30-11:30"", ""available"": true}]","9.7550","118.7550","pending","",""
"1d4f9a7e-7f8b-4c8f-9f9f-7890123456bc","Elena","Rivera","Metropole Laundry Puerto Princesa","Malvar Road Extension, Brgy. San Jose, Puerto Princesa City","0945-321-0987","","","","metropolepp","metropolepp@metropole.ph","","[{""service"": ""Wash-Dry-Fold"", ""price"": 45}, {""service"": ""Dry Cleaning"", ""price"": 110}, {""service"": ""Household Items"", ""price"": 110}]","true","Branch of the leading Filipino laundry chain with over 3 decades of experience. Professional care with modern equipment.","Malvar Road Extension, Brgy. San Jose","{""monday"": {""open"": ""08:00"", ""close"": ""19:00""}, ""tuesday"": {""open"": ""08:00"", ""close"": ""19:00""}, ""wednesday"": {""open"": ""08:00"", ""close"": ""19:00""}, ""thursday"": {""open"": ""08:00"", ""close"": ""19:00""}, ""friday"": {""open"": ""08:00"", ""close"": ""19:00""}, ""saturday"": {""open"": ""08:00"", ""close"": ""19:00""}, ""sunday"": {""open"": ""09:00"", ""close"": ""18:00""}}","true","8:00 AM - 7:00 PM","Open Slots","{""open_hour"": 8, ""close_hour"": 19, ""open_minute"": 0, ""close_minute"": 0}","[{""slot"": ""08:00-10:00"", ""available"": true}, {""slot"": ""10:00-12:00"", ""available"": true}]","9.7300","118.7300","pending","",""
"5e8f3b7f-8f9c-4d9f-af9f-8901234567cd","Manuel","Diaz","Baybayin Laundry Services","National Highway, Brgy. San Rafael, Puerto Princesa City","0932-654-3210","","","","baybayinlaundry","baybayinlaundry@yahoo.com","","[{""service"": ""Regular Laundry"", ""price"": 38}, {""service"": ""Comforter Cleaning"", ""price"": 200}, {""service"": ""Rug Cleaning"", ""price"": 150}]","true","Local laundry service specializing in bulky items and regular clothing. Serving the San Rafael community and nearby areas.","National Highway, Brgy. San Rafael","{""monday"": {""open"": ""07:00"", ""close"": ""18:00""}, ""tuesday"": {""open"": ""07:00"", ""close"": ""18:00""}, ""wednesday"": {""open"": ""07:00"", ""close"": ""18:00""}, ""thursday"": {""open"": ""07:00"", ""close"": ""18:00""}, ""friday"": {""open"": ""07:00"", ""close"": ""18:00""}, ""saturday"": {""open"": ""07:00"", ""close"": ""18:00""}, ""sunday"": {""open"": ""08:00"", ""close"": ""17:00""}}","true","7:00 AM - 6:00 PM","Open Slots","{""open_hour"": 7, ""close_hour"": 18, ""open_minute"": 0, ""close_minute"": 0}","[{""slot"": ""07:00-09:00"", ""available"": true}, {""slot"": ""09:00-11:00"", ""available"": true}]","9.7600","118.7600","pending","",""
"6a9f2c8f-9f0d-4e9f-bfaf-9012345678cd","Rosa","Mendoza","Sunshine Laundry Shop","Purok 3, Brgy. Bancao-Bancao, Puerto Princesa City","0941-876-5432","","","","sunshinelaundry","sunshinelaundry@outlook.com","","[{""service"": ""Wash & Fold"", ""price"": 42}, {""service"": ""Ironing Service"", ""price"": 28}, {""service"": ""Express Same-Day"", ""price"": 60}]","true","Neighborhood laundry shop in Bancao-Bancao offering reliable wash and fold services with same-day express option.","Purok 3, Brgy. Bancao-Bancao","{""monday"": {""open"": ""07:00"", ""close"": ""19:00""}, ""tuesday"": {""open"": ""07:00"", ""close"": ""19:00""}, ""wednesday"": {""open"": ""07:00"", ""close"": ""19:00""}, ""thursday"": {""open"": ""07:00"", ""close"": ""19:00""}, ""friday"": {""open"": ""07:00"", ""close"": ""19:00""}, ""saturday"": {""open"": ""07:00"", ""close"": ""19:00""}, ""sunday"": {""open"": ""08:00"", ""close"": ""18:00""}}","true","7:00 AM - 7:00 PM","Open Slots","{""open_hour"": 7, ""close_hour"": 19, ""open_minute"": 0, ""close_minute"": 0}","[{""slot"": ""07:00-09:00"", ""available"": true}, {""slot"": ""09:00-11:00"", ""available"": true}]","9.7350","118.7350","pending","",""
"7baf1d9f-af0e-4faf-cfaf-0123456789cd","Alberto","Cruz","Prime Wash Laundry","Zone 2, Brgy. San Manuel, Puerto Princesa City","0938-111-2222","","","","primewash","primewash@gmail.com","","[{""service"": ""Regular Wash"", ""price"": 35}, {""service"": ""Premium Wash"", ""price"": 50}, {""service"": ""Bedding Items"", ""price"": 90}]","true","Quality laundry services in San Manuel with premium and regular wash options. Specializes in bedding and household items.","Zone 2, Brgy. San Manuel","{""monday"": {""open"": ""08:30"", ""close"": ""18:30""}, ""tuesday"": {""open"": ""08:30"", ""close"": ""18:30""}, ""wednesday"": {""open"": ""08:30"", ""close"": ""18:30""}, ""thursday"": {""open"": ""08:30"", ""close"": ""18:30""}, ""friday"": {""open"": ""08:30"", ""close"": ""18:30""}, ""saturday"": {""open"": ""08:30"", ""close"": ""18:30""}, ""sunday"": {""open"": ""09:00"", ""close"": ""17:00""}}","true","8:30 AM - 6:30 PM","Open Slots","{""open_hour"": 8, ""close_hour"": 18, ""open_minute"": 30, ""close_minute"": 30}","[{""slot"": ""08:30-10:30"", ""available"": true}, {""slot"": ""10:30-12:30"", ""available"": true}]","9.7320","118.7320","pending","",""
"8caf0e9f-bf1f-4fbf-afbf-1234567890cd","Teresita","Flores","Crystal Clean Laundry","Poblacion, Brgy. Irawan, Puerto Princesa City","0942-333-4444","","","","crystalclean","crystalclean@yahoo.com","","[{""service"": ""Wash & Fold"", ""price"": 38}, {""service"": ""Dry Cleaning"", ""price"": 130}, {""service"": ""Ironing"", ""price"": 25}]","true","Full-service laundry in Irawan offering wash & fold, dry cleaning, and ironing services. Reliable and affordable.","Poblacion, Brgy. Irawan","{""monday"": {""open"": ""07:00"", ""close"": ""18:00""}, ""tuesday"": {""open"": ""07:00"", ""close"": ""18:00""}, ""wednesday"": {""open"": ""07:00"", ""close"": ""18:00""}, ""thursday"": {""open"": ""07:00"", ""close"": ""18:00""}, ""friday"": {""open"": ""07:00"", ""close"": ""18:00""}, ""saturday"": {""open"": ""07:00"", ""close"": ""18:00""}, ""sunday"": {""open"": ""08:00"", ""close"": ""17:00""}}","true","7:00 AM - 6:00 PM","Open Slots","{""open_hour"": 7, ""close_hour"": 18, ""open_minute"": 0, ""close_minute"": 0}","[{""slot"": ""07:00-09:00"", ""available"": true}, {""slot"": ""09:00-11:00"", ""available"": true}]","9.7450","118.7450","pending","",""
"9dbf0faf-cf2f-4fcf-bfcf-2345678901cd","Francisco","Ramos","Rapid Wash Laundry","District 1, Brgy. Santa Lourdes, Puerto Princesa City","0935-765-4321","","","","rapidwash","rapidwash@outlook.com","","[{""service"": ""Express Wash"", ""price"": 45}, {""service"": ""Regular Wash"", ""price"": 32}, {""service"": ""Large Items"", ""price"": 85}]","true","Fast and efficient laundry service in Santa Lourdes. Express service available for urgent needs with same-day delivery.","District 1, Brgy. Santa Lourdes","{""monday"": {""open"": ""07:00"", ""close"": ""19:00""}, ""tuesday"": {""open"": ""07:00"", ""close"": ""19:00""}, ""wednesday"": {""open"": ""07:00"", ""close"": ""19:00""}, ""thursday"": {""open"": ""07:00"", ""close"": ""19:00""}, ""friday"": {""open"": ""07:00"", ""close"": ""19:00""}, ""saturday"": {""open"": ""07:00"", ""close"": ""19:00""}, ""sunday"": {""open"": ""08:00"", ""close"": ""18:00""}}","true","7:00 AM - 7:00 PM","Open Slots","{""open_hour"": 7, ""close_hour"": 19, ""open_minute"": 0, ""close_minute"": 0}","[{""slot"": ""07:00-09:00"", ""available"": true}, {""slot"": ""09:00-11:00"", ""available"": true}]","9.7520","118.7520","pending","",""
"0ebf1faf-df3f-4fdf-bfdf-3456789012cd","Victoria","Gonzales","Fresh Start Laundry","Zone 4, Brgy. Sicsican, Puerto Princesa City","0944-222-3333","","","","freshstart","freshstart@gmail.com","","[{""service"": ""Regular Laundry"", ""price"": 36}, {""service"": ""Comforter Cleaning"", ""price"": 180}, {""service"": ""Stain Removal"", ""price"": 15}]","true","Modern laundry facility in Sicsican offering comprehensive cleaning services with stain removal specialty.","Zone 4, Brgy. Sicsican","{""monday"": {""open"": ""08:00"", ""close"": ""18:00""}, ""tuesday"": {""open"": ""08:00"", ""close"": ""18:00""}, ""wednesday"": {""open"": ""08:00"", ""close"": ""18:00""}, ""thursday"": {""open"": ""08:00"", ""close"": ""18:00""}, ""friday"": {""open"": ""08:00"", ""close"": ""18:00""}, ""saturday"": {""open"": ""08:00"", ""close"": ""18:00""}, ""sunday"": {""open"": ""09:00"", ""close"": ""17:00""}}","true","8:00 AM - 6:00 PM","Open Slots","{""open_hour"": 8, ""close_hour"": 18, ""open_minute"": 0, ""close_minute"": 0}","[{""slot"": ""08:00-10:00"", ""available"": true}, {""slot"": ""10:00-12:00"", ""available"": true}]","9.7280","118.7280","pending","",""
"1fcf2faf-ef4f-4fef-bfef-4567890123cd","Guillermo","Torres","Perfect Wash Laundry","Barangay Road, Brgy. Bahile, Puerto Princesa City","0937-888-9999","","","","perfectwash","perfectwash@yahoo.com","","[{""service"": ""Basic Wash"", ""price"": 33}, {""service"": ""Premium Wash"", ""price"": 48}, {""service"": ""Delicate Items"", ""price"": 65}]","true","Community-focused laundry service in Bahile offering basic to premium wash options with careful handling of delicate items.","Barangay Road, Brgy. Bahile","{""monday"": {""open"": ""07:30"", ""close"": ""17:30""}, ""tuesday"": {""open"": ""07:30"", ""close"": ""17:30""}, ""wednesday"": {""open"": ""07:30"", ""close"": ""17:30""}, ""thursday"": {""open"": ""07:30"", ""close"": ""17:30""}, ""friday"": {""open"": ""07:30"", ""close"": ""17:30""}, ""saturday"": {""open"": ""07:30"", ""close"": ""17:30""}, ""sunday"": {""open"": ""08:00"", ""close"": ""16:00""}}","true","7:30 AM - 5:30 PM","Open Slots","{""open_hour"": 7, ""close_hour"": 17, ""open_minute"": 30, ""close_minute"": 30}","[{""slot"": ""07:30-09:30"", ""available"": true}, {""slot"": ""09:30-11:30"", ""available"": true}]","9.7650","118.7650","pending","",""
"2fdf3faf-ff5f-4fff-bfff-5678901234cd","Beatriz","Morales","Ocean Breeze Laundry","Coastal Road, Brgy. Maningning, Puerto Princesa City","0946-555-6666","","","","oceanbreeze","oceanbreeze@outlook.com","","[{""service"": ""Wash & Fold"", ""price"": 37}, {""service"": ""Beach Towels"", ""price"": 55}, {""service"": ""Uniform Cleaning"", ""price"": 42}]","true","Laundry service near coastal areas specializing in beach-related items and uniforms for tourism workers.","Coastal Road, Brgy. Maningning","{""monday"": {""open"": ""08:00"", ""close"": ""18:00""}, ""tuesday"": {""open"": ""08:00"", ""close"": ""18:00""}, ""wednesday"": {""open"": ""08:00"", ""close"": ""18:00""}, ""thursday"": {""open"": ""08:00"", ""close"": ""18:00""}, ""friday"": {""open"": ""08:00"", ""close"": ""18:00""}, ""saturday"": {""open"": ""08:00"", ""close"": ""18:00""}, ""sunday"": {""open"": ""09:00"", ""close"": ""17:00""}}","true","8:00 AM - 6:00 PM","Open Slots","{""open_hour"": 8, ""close_hour"": 18, ""open_minute"": 0, ""close_minute"": 0}","[{""slot"": ""08:00-10:00"", ""available"": true}, {""slot"": ""10:00-12:00"", ""available"": true}]","9.7580","118.7580","pending","",""
"3fdf4faf-0f6f-4f0f-c0f0-6789012345cd","Carlos","Reyes","Island Fresh Laundry","Main Highway, Brgy. Tagburos, Puerto Princesa City","0933-777-8888","","","","islandfresh","islandfresh@gmail.com","","[{""service"": ""Regular Laundry"", ""price"": 34}, {""service"": ""Express Service"", ""price"": 55}, {""service"": ""Commercial Laundry"", ""price"": 28}]","true","Serving the Tagburos community with reliable laundry services including commercial accounts for small businesses.","Main Highway, Brgy. Tagburos","{""monday"": {""open"": ""07:00"", ""close"": ""19:00""}, ""tuesday"": {""open"": ""07:00"", ""close"": ""19:00""}, ""wednesday"": {""open"": ""07:00"", ""close"": ""19:00""}, ""thursday"": {""open"": ""07:00"", ""close"": ""19:00""}, ""friday"": {""open"": ""07:00"", ""close"": ""19:00""}, ""saturday"": {""open"": ""07:00"", ""close"": ""19:00""}, ""sunday"": {""open"": ""08:00"", ""close"": ""18:00""}}","true","7:00 AM - 7:00 PM","Open Slots","{""open_hour"": 7, ""close_hour"": 19, ""open_minute"": 0, ""close_minute"": 0}","[{""slot"": ""07:00-09:00"", ""available"": true}, {""slot"": ""09:00-11:00"", ""available"": true}]","9.7620","118.7620","pending","",""
"4fdf5faf-1f7f-4f1f-d1f1-7890123456cd","Consuelo","Valdez","Pristine Laundry Solutions","Zone 5, Brgy. Napsan, Puerto Princesa City","0949-999-0000","","","","pristine","pristine@yahoo.com","","[{""service"": ""Eco Wash"", ""price"": 40}, {""service"": ""Delicate Wash"", ""price"": 58}, {""service"": ""Bulk Service"", ""price"": 25}]","true","Eco-friendly laundry service in Napsan using biodegradable detergents. Specializes in delicate fabrics and bulk orders.","Zone 5, Brgy. Napsan","{""monday"": {""open"": ""08:00"", ""close"": ""17:00""}, ""tuesday"": {""open"": ""08:00"", ""close"": ""17:00""}, ""wednesday"": {""open"": ""08:00"", ""close"": ""17:00""}, ""thursday"": {""open"": ""08:00"", ""close"": ""17:00""}, ""friday"": {""open"": ""08:00"", ""close"": ""17:00""}, ""saturday"": {""open"": ""08:00"", ""close"": ""17:00""}, ""sunday"": {""open"": ""09:00"", ""close"": ""16:00""}}","true","8:00 AM - 5:00 PM","Open Slots","{""open_hour"": 8, ""close_hour"": 17, ""open_minute"": 0, ""close_minute"": 0}","[{""slot"": ""08:00-10:00"", ""available"": true}, {""slot"": ""10:00-12:00"", ""available"": true}]","9.7700","118.7700","pending","",""
"5fdf6faf-2f8f-4f2f-d2f2-8901234567cd","Jorge","Hernandez","Babuyan Bay Laundry","Sitio 1, Brgy. Babuyan, Puerto Princesa City","0945-111-2222","","","","babuyanbay","babuyanbay@gmail.com","","[{""service"": ""Regular Wash"", ""price"": 32}, {""service"": ""Fishing Gear Clean"", ""price"": 75}, {""service"": ""Family Packages"", ""price"": 85}]","true","Coastal laundry serving fishing communities in Babuyan. Specializes in fishing gear cleaning and family package deals.","Sitio 1, Brgy. Babuyan","{""monday"": {""open"": ""06:30"", ""close"": ""18:30""}, ""tuesday"": {""open"": ""06:30"", ""close"": ""18:30""}, ""wednesday"": {""open"": ""06:30"", ""close"": ""18:30""}, ""thursday"": {""open"": ""06:30"", ""close"": ""18:30""}, ""friday"": {""open"": ""06:30"", ""close"": ""18:30""}, ""saturday"": {""open"": ""06:30"", ""close"": ""18:30""}, ""sunday"": {""open"": ""07:00"", ""close"": ""17:00""}}","true","6:30 AM - 6:30 PM","Open Slots","{""open_hour"": 6, ""close_hour"": 18, ""open_minute"": 30, ""close_minute"": 30}","[{""slot"": ""06:30-08:30"", ""available"": true}, {""slot"": ""08:30-10:30"", ""available"": true}]","9.7550","118.7550","pending","",""
"6fdf7faf-3f9f-4f3f-d3f3-9012345678cd","Luisa","Martinez","Bacungan Fresh Wash","Purok 5, Brgy. Bacungan, Puerto Princesa City","0946-222-3333","","","","bacunganfresh","bacunganfresh@yahoo.com","","[{""service"": ""Wash & Fold"", ""price"": 35}, {""service"": ""Agricultural Uniforms"", ""price"": 45}, {""service"": ""Bulk Discount"", ""price"": 28}]","true","Serving the agricultural community in Bacungan with specialized cleaning for work uniforms and bulk laundry services.","Purok 5, Brgy. Bacungan","{""monday"": {""open"": ""07:00"", ""close"": ""19:00""}, ""tuesday"": {""open"": ""07:00"", ""close"": ""19:00""}, ""wednesday"": {""open"": ""07:00"", ""close"": ""19:00""}, ""thursday"": {""open"": ""07:00"", ""close"": ""19:00""}, ""friday"": {""open"": ""07:00"", ""close"": ""19:00""}, ""saturday"": {""open"": ""07:00"", ""close"": ""19:00""}, ""sunday"": {""open"": ""08:00"", ""close"": ""18:00""}}","true","7:00 AM - 7:00 PM","Open Slots","{""open_hour"": 7, ""close_hour"": 19, ""open_minute"": 0, ""close_minute"": 0}","[{""slot"": ""07:00-09:00"", ""available"": true}, {""slot"": ""09:00-11:00"", ""available"": true}]","9.7450","118.7450","pending","",""
"7fdf8faf-4f0f-4f4f-d4f4-0123456789cd","Ricardo","Gomez","Bagong Bayan Laundry","Centro, Brgy. Bagong Bayan, Puerto Princesa City","0947-333-4444","","","","bagongbayan","bagongbayan@gmail.com","","[{""service"": ""Regular Wash"", ""price"": 30}, {""service"": ""Express 3-Hour"", ""price"": 50}, {""service"": ""Student Discount"", ""price"": 25}]","true","Community-focused laundry in Bagong Bayan with special rates for students and express service for busy residents.","Centro, Brgy. Bagong Bayan","{""monday"": {""open"": ""08:00"", ""close"": ""18:00""}, ""tuesday"": {""open"": ""08:00"", ""close"": ""18:00""}, ""wednesday"": {""open"": ""08:00"", ""close"": ""18:00""}, ""thursday"": {""open"": ""08:00"", ""close"": ""18:00""}, ""friday"": {""open"": ""08:00"", ""close"": ""18:00""}, ""saturday"": {""open"": ""08:00"", ""close"": ""18:00""}, ""sunday"": {""open"": ""09:00"", ""close"": ""17:00""}}","true","8:00 AM - 6:00 PM","Open Slots","{""open_hour"": 8, ""close_hour"": 18, ""open_minute"": 0, ""close_minute"": 0}","[{""slot"": ""08:00-10:00"", ""available"": true}, {""slot"": ""10:00-12:00"", ""available"": true}]","9.7400","118.7400","pending","",""
"8fdf9faf-5f0f-4f5f-d5f5-1234567890cd","Patricia","Silva","Bagong Pag-asa Laundry","Zone 1, Brgy. Bagong Pag-asa, Puerto Princesa City","0948-444-5555","","","","bagongpagasa","bagongpagasa@yahoo.com","","[{""service"": ""Eco Wash"", ""price"": 38}, {""service"": ""Organic Detergent"", ""price"": 42}, {""service"": ""Green Cleaning"", ""price"": 48}]","true","Environmentally conscious laundry service in Bagong Pag-asa using organic detergents and eco-friendly cleaning methods.","Zone 1, Brgy. Bagong Pag-asa","{""monday"": {""open"": ""08:30"", ""close"": ""17:30""}, ""tuesday"": {""open"": ""08:30"", ""close"": ""17:30""}, ""wednesday"": {""open"": ""08:30"", ""close"": ""17:30""}, ""thursday"": {""open"": ""08:30"", ""close"": ""17:30""}, ""friday"": {""open"": ""08:30"", ""close"": ""17:30""}, ""saturday"": {""open"": ""08:30"", ""close"": ""17:30""}, ""sunday"": {""open"": ""09:00"", ""close"": ""16:00""}}","true","8:30 AM - 5:30 PM","Open Slots","{""open_hour"": 8, ""close_hour"": 17, ""open_minute"": 30, ""close_minute"": 30}","[{""slot"": ""08:30-10:30"", ""available"": true}, {""slot"": ""10:30-12:30"", ""available"": true}]","9.7350","118.7350","pending","",""
"9fdf0faf-6f0f-4f6f-d6f6-2345678901cd","Miguel","Santos","Bagong Sikat Laundry","Main Road, Brgy. Bagong Sikat, Puerto Princesa City","0949-555-6666","","","","bagongsikat","bagongsikat@gmail.com","","[{""service"": ""Regular Wash"", ""price"": 33}, {""service"": ""Family Packages"", ""price"": 80}, {""service"": ""Quick Service"", ""price"": 40}]","true","Busy laundry serving the populous Bagong Sikat area with family packages and quick turnaround services for working families.","Main Road, Brgy. Bagong Sikat","{""monday"": {""open"": ""07:00"", ""close"": ""20:00""}, ""tuesday"": {""open"": ""07:00"", ""close"": ""20:00""}, ""wednesday"": {""open"": ""07:00"", ""close"": ""20:00""}, ""thursday"": {""open"": ""07:00"", ""close"": ""20:00""}, ""friday"": {""open"": ""07:00"", ""close"": ""20:00""}, ""saturday"": {""open"": ""07:00"", ""close"": ""20:00""}, ""sunday"": {""open"": ""08:00"", ""close"": ""19:00""}}","true","7:00 AM - 8:00 PM","Open Slots","{""open_hour"": 7, ""close_hour"": 20, ""open_minute"": 0, ""close_minute"": 0}","[{""slot"": ""07:00-09:00"", ""available"": true}, {""slot"": ""09:00-11:00"", ""available"": true}]","9.7380","118.7380","pending","",""
"0fdf1faf-7f0f-4f7f-d7f7-3456789012cd","Ana","Rodriguez","Bagong Silang Laundry","Purok 2, Brgy. Bagong Silang, Puerto Princesa City","0950-666-7777","","","","bagongsilang","bagongsilang@yahoo.com","","[{""service"": ""Wash & Fold"", ""price"": 34}, {""service"": ""Bulk Orders"", ""price"": 28}, {""service"": ""Same-Day Service"", ""price"": 45}]","true","Efficient laundry service in Bagong Silang catering to bulk orders with same-day service option for urgent needs.","Purok 2, Brgy. Bagong Silang","{""monday"": {""open"": ""08:00"", ""close"": ""19:00""}, ""tuesday"": {""open"": ""08:00"", ""close"": ""19:00""}, ""wednesday"": {""open"": ""08:00"", ""close"": ""19:00""}, ""thursday"": {""open"": ""08:00"", ""close"": ""19:00""}, ""friday"": {""open"": ""08:00"", ""close"": ""19:00""}, ""saturday"": {""open"": ""08:00"", ""close"": ""19:00""}, ""sunday"": {""open"": ""09:00"", ""close"": ""18:00""}}","true","8:00 AM - 7:00 PM","Open Slots","{""open_hour"": 8, ""close_hour"": 19, ""open_minute"": 0, ""close_minute"": 0}","[{""slot"": ""08:00-10:00"", ""available"": true}, {""slot"": ""10:00-12:00"", ""available"": true}]","9.7420","118.7420","pending","",""
"1fdf2faf-8f1f-4f8f-d8f8-4567890123cd","Silvia","Mendoza","Binduyan Laundry","Sitio Proper, Brgy. Binduyan, Puerto Princesa City","0951-777-8888","","","","binduyan","binduyan@gmail.com","","[{""service"": ""Regular Wash"", ""price"": 36}, {""service"": ""Mountain Gear"", ""price"": 65}, {""service"": ""Group Discount"", ""price"": 30}]","true","Mountain community laundry in Binduyan specializing in outdoor gear cleaning and group discounts for trekkers.","Sitio Proper, Brgy. Binduyan","{""monday"": {""open"": ""07:30"", ""close"": ""17:30""}, ""tuesday"": {""open"": ""07:30"", ""close"": ""17:30""}, ""wednesday"": {""open"": ""07:30"", ""close"": ""17:30""}, ""thursday"": {""open"": ""07:30"", ""close"": ""17:30""}, ""friday"": {""open"": ""07:30"", ""close"": ""17:30""}, ""saturday"": {""open"": ""07:30"", ""close"": ""17:30""}, ""sunday"": {""open"": ""08:00"", ""close"": ""16:00""}}","true","7:30 AM - 5:30 PM","Open Slots","{""open_hour"": 7, ""close_hour"": 17, ""open_minute"": 30, ""close_minute"": 30}","[{""slot"": ""07:30-09:30"", ""available"": true}, {""slot"": ""09:30-11:30"", ""available"": true}]","9.7580","118.7580","pending","",""
"2fdf2faf-9f2f-4f9f-d9f9-5678901234cd","Esteban","Castro","Buenavista Cleaners","Poblacion, Brgy. Buenavista, Puerto Princesa City","0952-888-9999","","","","buenavista","buenavista@yahoo.com","","[{""service"": ""Wash & Fold"", ""price"": 32}, {""service"": ""Rural Delivery"", ""price"": 20}, {""service"": ""Elderly Discount"", ""price"": 28}]","true","Serving the rural Buenavista community with affordable laundry services and special rates for elderly residents.","Poblacion, Brgy. Buenavista","{""monday"": {""open"": ""08:00"", ""close"": ""17:00""}, ""tuesday"": {""open"": ""08:00"", ""close"": ""17:00""}, ""wednesday"": {""open"": ""08:00"", ""close"": ""17:00""}, ""thursday"": {""open"": ""08:00"", ""close"": ""17:00""}, ""friday"": {""open"": ""08:00"", ""close"": ""17:00""}, ""saturday"": {""open"": ""08:00"", ""close"": ""17:00""}, ""sunday"": {""open"": ""09:00"", ""close"": ""16:00""}}","true","8:00 AM - 5:00 PM","Open Slots","{""open_hour"": 8, ""close_hour"": 17, ""open_minute"": 0, ""close_minute"": 0}","[{""slot"": ""08:00-10:00"", ""available"": true}, {""slot"": ""10:00-12:00"", ""available"": true}]","9.7630","118.7630","pending","",""
"3fdf3faf-0f3f-4f0f-d0f0-6789012345cd","Rosario","Lopez","Cabayugan Laundry","Sitio Proper, Brgy. Cabayugan, Puerto Princesa City","0953-999-0000","","","","cabayugan","cabayugan@gmail.com","","[{""service"": ""Regular Wash"", ""price"": 38}, {""service"": ""Tourist Laundry"", ""price"": 45}, {""service"": ""Backpack Cleaning"", ""price"": 55}]","true","Serving the Cabayugan community and tourists visiting nearby attractions with specialized backpack and travel gear cleaning.","Sitio Proper, Brgy. Cabayugan","{""monday"": {""open"": ""07:00"", ""close"": ""18:00""}, ""tuesday"": {""open"": ""07:00"", ""close"": ""18:00""}, ""wednesday"": {""open"": ""07:00"", ""close"": ""18:00""}, ""thursday"": {""open"": ""07:00"", ""close"": ""18:00""}, ""friday"": {""open"": ""07:00"", ""close"": ""18:00""}, ""saturday"": {""open"": ""07:00"", ""close"": ""18:00""}, ""sunday"": {""open"": ""08:00"", ""close"": ""17:00""}}","true","7:00 AM - 6:00 PM","Open Slots","{""open_hour"": 7, ""close_hour"": 18, ""open_minute"": 0, ""close_minute"": 0}","[{""slot"": ""07:00-09:00"", ""available"": true}, {""slot"": ""09:00-11:00"", ""available"": true}]","9.7450","118.7450","pending","",""
"4fdf4faf-4f4f-4f0f-d0f0-7890123456cd","Javier","Herrera","Concepcion Laundry","Centro, Brgy. Concepcion, Puerto Princesa City","0954-000-1111","","","","concepcion","concepcion@yahoo.com","","[{""service"": ""Wash & Fold"", ""price"": 34}, {""service"": ""School Uniforms"", ""price"": 38}, {""service"": ""Pickup Service"", ""price"": 15}]","true","Serving the Concepcion community with school uniform specialization and convenient pickup service for busy families.","Centro, Brgy. Concepcion","{""monday"": {""open"": ""08:00"", ""close"": ""18:00""}, ""tuesday"": {""open"": ""08:00"", ""close"": ""18:00""}, ""wednesday"": {""open"": ""08:00"", ""close"": ""18:00""}, ""thursday"": {""open"": ""08:00"", ""close"": ""18:00""}, ""friday"": {""open"": ""08:00"", ""close"": ""18:00""}, ""saturday"": {""open"": ""08:00"", ""close"": ""18:00""}, ""sunday"": {""open"": ""09:00"", ""close"": ""17:00""}}","true","8:00 AM - 6:00 PM","Open Slots","{""open_hour"": 8, ""close_hour"": 18, ""open_minute"": 0, ""close_minute"": 0}","[{""slot"": ""08:00-10:00"", ""available"": true}, {""slot"": ""10:00-12:00"", ""available"": true}]","9.7480","118.7480","pending","",""
"5fdf5faf-5f5f-4f5f-d5f5-8901234567cd","Carmen","Diaz","Inagawan Laundry","Proper, Brgy. Inagawan, Puerto Princesa City","0955-111-2222","","","","inagawan","inagawan@gmail.com","","[{""service"": ""Regular Wash"", ""price"": 36}, {""service"": ""Farming Clothes"", ""price"": 42}, {""service"": ""Heavy Duty"", ""price"": 55}]","true","Serving the farming community in Inagawan with heavy-duty cleaning services for agricultural work clothes and gear.","Proper, Brgy. Inagawan","{""monday"": {""open"": ""07:30"", ""close"": ""18:30""}, ""tuesday"": {""open"": ""07:30"", ""close"": ""18:30""}, ""wednesday"": {""open"": ""07:30"", ""close"": ""18:30""}, ""thursday"": {""open"": ""07:30"", ""close"": ""18:30""}, ""friday"": {""open"": ""07:30"", ""close"": ""18:30""}, ""saturday"": {""open"": ""07:30"", ""close"": ""18:30""}, ""sunday"": {""open"": ""08:00"", ""close"": ""17:00""}}","true","7:30 AM - 6:30 PM","Open Slots","{""open_hour"": 7, ""close_hour"": 18, ""open_minute"": 30, ""close_minute"": 30}","[{""slot"": ""07:30-09:30"", ""available"": true}, {""slot"": ""09:30-11:30"", ""available"": true}]","9.7520","118.7520","pending","",""
"6fdf6faf-6f6f-4f6f-d6f6-9012345678cd","Raul","Morales","Inagawan Sub-Colony Wash","Zone 3, Brgy. Inagawan Sub-Colony, Puerto Princesa City","0956-222-3333","","","","inagawancolony","inagawancolony@yahoo.com","","[{""service"": ""Regular Laundry"", ""price"": 33}, {""service"": ""Community Discount"", ""price"": 28}, {""service"": ""Express Service"", ""price"": 40}]","true","Community-oriented laundry service in Inagawan Sub-Colony offering discounts for residents and reliable express service.","Zone 3, Brgy. Inagawan Sub-Colony","{""monday"": {""open"": ""08:00"", ""close"": ""19:00""}, ""tuesday"": {""open"": ""08:00"", ""close"": ""19:00""}, ""wednesday"": {""open"": ""08:00"", ""close"": ""19:00""}, ""thursday"": {""open"": ""08:00"", ""close"": ""19:00""}, ""friday"": {""open"": ""08:00"", ""close"": ""19:00""}, ""saturday"": {""open"": ""08:00"", ""close"": ""19:00""}, ""sunday"": {""open"": ""09:00"", ""close"": ""18:00""}}","true","8:00 AM - 7:00 PM","Open Slots","{""open_hour"": 8, ""close_hour"": 19, ""open_minute"": 0, ""close_minute"": 0}","[{""slot"": ""08:00-10:00"", ""available"": true}, {""slot"": ""10:00-12:00"", ""available"": true}]","9.7480","118.7480","pending","",""
"7fdf7faf-7f7f-4f7f-d7f7-0123456789cd","Mercedes","Fernandez","Iwahig Laundry","Proper, Brgy. Iwahig, Puerto Princesa City","0957-333-4444","","","","iwahig","iwahig@gmail.com","","[{""service"": ""Regular Wash"", ""price"": 35}, {""service"": ""Institutional"", ""price"": 30}, {""service"": ""Large Scale"", ""price"": 25}]","true","Serving the Iwahig community including institutional clients with large-scale laundry services and competitive pricing.","Proper, Brgy. Iwahig","{""monday"": {""open"": ""07:00"", ""close"": ""18:00""}, ""tuesday"": {""open"": ""07:00"", ""close"": ""18:00""}, ""wednesday"": {""open"": ""07:00"", ""close"": ""18:00""}, ""thursday"": {""open"": ""07:00"", ""close"": ""18:00""}, ""friday"": {""open"": ""07:00"", ""close"": ""18:00""}, ""saturday"": {""open"": ""07:00"", ""close"": ""18:00""}, ""sunday"": {""open"": ""08:00"", ""close"": ""17:00""}}","true","7:00 AM - 6:00 PM","Open Slots","{""open_hour"": 7, ""close_hour"": 18, ""open_minute"": 0, ""close_minute"": 0}","[{""slot"": ""07:00-09:00"", ""available"": true}, {""slot"": ""09:00-11:00"", ""available"": true}]","9.7500","118.7500","pending","",""
"8fdf8faf-8f8f-4f8f-d8f8-1234567890cd","Rogelio","Castro","Kalipay Laundry","Purok 1, Brgy. Kalipay, Puerto Princesa City","0958-444-5555","","","","kalipay","kalipay@yahoo.com","","[{""service"": ""Basic Wash"", ""price"": 29}, {""service"": ""Budget Service"", ""price"": 25}, {""service"": ""Quick Turnaround"", ""price"": 35}]","true","Budget-friendly laundry service in Kalipay offering basic wash services at affordable prices for the local community.","Purok 1, Brgy. Kalipay","{""monday"": {""open"": ""08:00"", ""close"": ""17:00""}, ""tuesday"": {""open"": ""08:00"", ""close"": ""17:00""}, ""wednesday"": {""open"": ""08:00"", ""close"": ""17:00""}, ""thursday"": {""open"": ""08:00"", ""close"": ""17:00""}, ""friday"": {""open"": ""08:00"", ""close"": ""17:00""}, ""saturday"": {""open"": ""08:00"", ""close"": ""17:00""}, ""sunday"": {""open"": ""09:00"", ""close"": ""16:00""}}","true","8:00 AM - 5:00 PM","Open Slots","{""open_hour"": 8, ""close_hour"": 17, ""open_minute"": 0, ""close_minute"": 0}","[{""slot"": ""08:00-10:00"", ""available"": true}, {""slot"": ""10:00-12:00"", ""available"": true}]","9.7620","118.7620","pending","",""
"9fdf9faf-9f9f-4f9f-d9f9-2345678901cd","Gloria","Ramos","Kamuning Wash Center","Zone 3, Brgy. Kamuning, Puerto Princesa City","0959-555-6666","","","","kamuning","kamuning@gmail.com","","[{""service"": ""Regular Wash"", ""price"": 37}, {""service"": ""Household Items"", ""price"": 45}, {""service"": ""Pickup Delivery"", ""price"": 20}]","true","Serving the Kamuning community with comprehensive laundry services including household items and convenient pickup/delivery.","Zone 3, Brgy. Kamuning","{""monday"": {""open"": ""07:30"", ""close"": ""18:30""}, ""tuesday"": {""open"": ""07:30"", ""close"": ""18:30""}, ""wednesday"": {""open"": ""07:30"", ""close"": ""18:30""}, ""thursday"": {""open"": ""07:30"", ""close"": ""18:30""}, ""friday"": {""open"": ""07:30"", ""close"": ""18:30""}, ""saturday"": {""open"": ""07:30"", ""close"": ""18:30""}, ""sunday"": {""open"": ""08:00"", ""close"": ""17:00""}}","true","7:30 AM - 6:30 PM","Open Slots","{""open_hour"": 7, ""close_hour"": 18, ""open_minute"": 30, ""close_minute"": 30}","[{""slot"": ""07:30-09:30"", ""available"": true}, {""slot"": ""09:30-11:30"", ""available"": true}]","9.7480","118.7480","pending","",""
"0fdf0faf-0f0f-4f0f-d0f0-3456789012cd","Arturo","Vega","Langogan Laundry","Proper, Brgy. Langogan, Puerto Princesa City","0960-666-7777","","","","langogan","langogan@yahoo.com","","[{""service"": ""Regular Wash"", ""price"": 35}, {""service"": ""River Gear"", ""price"": 60}, {""service"": ""Camping Equipment"", ""price"": 75}]","true","Serving the riverside community of Langogan with specialized cleaning for river gear, camping equipment, and regular laundry.","Proper, Brgy. Langogan","{""monday"": {""open"": ""07:00"", ""close"": ""18:00""}, ""tuesday"": {""open"": ""07:00"", ""close"": ""18:00""}, ""wednesday"": {""open"": ""07:00"", ""close"": ""18:00""}, ""thursday"": {""open"": ""07:00"", ""close"": ""18:00""}, ""friday"": {""open"": ""07:00"", ""close"": ""18:00""}, ""saturday"": {""open"": ""07:00"", ""close"": ""18:00""}, ""sunday"": {""open"": ""08:00"", ""close"": ""17:00""}}","true","7:00 AM - 6:00 PM","Open Slots","{""open_hour"": 7, ""close_hour"": 18, ""open_minute"": 0, ""close_minute"": 0}","[{""slot"": ""07:00-09:00"", ""available"": true}, {""slot"": ""09:00-11:00"", ""available"": true}]","9.7550","118.7550","pending","",""
"1fdf1faf-1f1f-4f1f-d1f1-4567890123cd","Lorenzo","Gutierrez","Liwanag Laundry","Centro, Brgy. Liwanag, Puerto Princesa City","0961-777-8888","","","","liwanag","liwanag@gmail.com","","[{""service"": ""Basic Wash"", ""price"": 31}, {""service"": ""Light Cleaning"", ""price"": 25}, {""service"": ""Quick Service"", ""price"": 38}]","true","Small community laundry in Liwanag offering basic wash services with quick turnaround for local residents.","Centro, Brgy. Liwanag","{""monday"": {""open"": ""08:30"", ""close"": ""17:30""}, ""tuesday"": {""open"": ""08:30"", ""close"": ""17:30""}, ""wednesday"": {""open"": ""08:30"", ""close"": ""17:30""}, ""thursday"": {""open"": ""08:30"", ""close"": ""17:30""}, ""friday"": {""open"": ""08:30"", ""close"": ""17:30""}, ""saturday"": {""open"": ""08:30"", ""close"": ""17:30""}, ""sunday"": {""open"": ""09:00"", ""close"": ""16:00""}}","true","8:30 AM - 5:30 PM","Open Slots","{""open_hour"": 8, ""close_hour"": 17, ""open_minute"": 30, ""close_minute"": 30}","[{""slot"": ""08:30-10:30"", ""available"": true}, {""slot"": ""10:30-12:30"", ""available"": true}]","9.7400","118.7400","pending","",""
"2fdf2faf-2f2f-4f2f-d2f2-5678901234cd","Adela","Ruiz","Macarascas Laundry","Proper, Brgy. Macarascas, Puerto Princesa City","0962-888-9999","","","","macarascas","macarascas@yahoo.com","","[{""service"": ""Regular Wash"", ""price"": 34}, {""service"": ""Fishing Community"", ""price"": 30}, {""service"": ""Bulk Service"", ""price"": 26}]","true","Serving the fishing community in Macarascas with specialized services for fishing gear and bulk laundry at affordable prices.","Proper, Brgy. Macarascas","{""monday"": {""open"": ""07:00"", ""close"": ""18:00""}, ""tuesday"": {""open"": ""07:00"", ""close"": ""18:00""}, ""wednesday"": {""open"": ""07:00"", ""close"": ""18:00""}, ""thursday"": {""open"": ""07:00"", ""close"": ""18:00""}, ""friday"": {""open"": ""07:00"", ""close"": ""18:00""}, ""saturday"": {""open"": ""07:00"", ""close"": ""18:00""}, ""sunday"": {""open"": ""08:00"", ""close"": ""17:00""}}","true","7:00 AM - 6:00 PM","Open Slots","{""open_hour"": 7, ""close_hour"": 18, ""open_minute"": 0, ""close_minute"": 0}","[{""slot"": ""07:00-09:00"", ""available"": true}, {""slot"": ""09:00-11:00"", ""available"": true}]","9.7580","118.7580","pending","",""
"3fdf3faf-3f3f-4f3f-d3f3-6789012345cd","Santiago","Ortega","Magarwak Laundry","Purok 2, Brgy. Magarwak, Puerto Princesa City","0963-999-0000","","","","magarwak","magarwak@gmail.com","","[{""service"": ""Wash & Fold"", ""price"": 36}, {""service"": ""Mountain Lodge"", ""price"": 40}, {""service"": ""Tourist Laundry"", ""price"": 42}]","true","Serving both the local Magarwak community and tourists staying at nearby mountain lodges with quality laundry services.","Purok 2, Brgy. Magarwak","{""monday"": {""open"": ""08:00"", ""close"": ""18:00""}, ""tuesday"": {""open"": ""08:00"", ""close"": ""18:00""}, ""wednesday"": {""open"": ""08:00"", ""close"": ""18:00""}, ""thursday"": {""open"": ""08:00"", ""close"": ""18:00""}, ""friday"": {""open"": ""08:00"", ""close"": ""18:00""}, ""saturday"": {""open"": ""08:00"", ""close"": ""18:00""}, ""sunday"": {""open"": ""09:00"", ""close"": ""17:00""}}","true","8:00 AM - 6:00 PM","Open Slots","{""open_hour"": 8, ""close_hour"": 18, ""open_minute"": 0, ""close_minute"": 0}","[{""slot"": ""08:00-10:00"", ""available"": true}, {""slot"": ""10:00-12:00"", ""available"": true}]","9.7620","118.7620","pending","",""
"4fdf4faf-4f4f-4f4f-d4f4-7890123456cd","Esperanza","Cruz","Malinao Laundry","Centro, Brgy. Malinao, Puerto Princesa City","0964-000-1111","","","","malinao","malinao@yahoo.com","","[{""service"": ""Regular Wash"", ""price"": 32}, {""service"": ""Rural Service"", ""price"": 28}, {""service"": ""Quick Turnaround"", ""price"": 38}]","true","Rural-focused laundry service in Malinao providing affordable cleaning with quick turnaround for the farming community.","Centro, Brgy. Malinao","{""monday"": {""open"": ""08:00"", ""close"": ""17:00""}, ""tuesday"": {""open"": ""08:00"", ""close"": ""17:00""}, ""wednesday"": {""open"": ""08:00"", ""close"": ""17:00""}, ""thursday"": {""open"": ""08:00"", ""close"": ""17:00""}, ""friday"": {""open"": ""08:00"", ""close"": ""17:00""}, ""saturday"": {""open"": ""08:00"", ""close"": ""17:00""}, ""sunday"": {""open"": ""09:00"", ""close"": ""16:00""}}","true","8:00 AM - 5:00 PM","Open Slots","{""open_hour"": 8, ""close_hour"": 17, ""open_minute"": 0, ""close_minute"": 0}","[{""slot"": ""08:00-10:00"", ""available"": true}, {""slot"": ""10:00-12:00"", ""available"": true}]","9.7650","118.7650","pending","",""
"a911f253-9d5a-42eb-bada-729acc1bcbb5","Alfonso","Rivera","Manalo Laundry","Proper, Brgy. Manalo, Puerto Princesa City","0965-111-2222","","","","manalo","manalo@gmail.com","","[{""service"": ""Wash & Fold"", ""price"": 35}, {""service"": ""Local Delivery"", ""price"": 20}, {""service"": ""Bulk Discount"", ""price"": 30}]","true","Local laundry service in Manalo offering wash & fold services with delivery options and bulk discounts for families.","Proper, Brgy. Manalo","{""monday"": {""open"": ""07:30"", ""close"": ""18:30""}, ""tuesday"": {""open"": ""07:30"", ""close"": ""18:30""}, ""wednesday"": {""open"": ""07:30"", ""close"": ""18:30""}, ""thursday"": {""open"": ""07:30"", ""close"": ""18:30""}, ""friday"": {""open"": ""07:30"", ""close"": ""18:30""}, ""saturday"": {""open"": ""07:30"", ""close"": ""18:30""}, ""sunday"": {""open"": ""08:00"", ""close"": ""17:00""}}","true","7:30 AM - 6:30 PM","Open Slots","{""open_hour"": 7, ""close_hour"": 18, ""open_minute"": 30, ""close_minute"": 30}","[{""slot"": ""07:30-09:30"", ""available"": true}, {""slot"": ""09:30-11:30"", ""available"": true}]","9.7430","118.7430","pending","",""
"8dc2aadc-2875-455f-94e5-38b00d2d0172","Leticia","Gonzales","Mandaragat Extension Laundry","Extension Road, Brgy. Mandaragat, Puerto Princesa City","0966-222-3333","","","","mandaragatext","mandaragatext@yahoo.com","","[{""service"": ""Regular Wash"", ""price"": 38}, {""service"": ""Express Service"", ""price"": 50}, {""service"": ""Commercial"", ""price"": 32}]","true","Extension of Mandaragat laundry services providing commercial accounts and express service for busy professionals.","Extension Road, Brgy. Mandaragat","{""monday"": {""open"": ""08:00"", ""close"": ""19:00""}, ""tuesday"": {""open"": ""08:00"", ""close"": ""19:00""}, ""wednesday"": {""open"": ""08:00"", ""close"": ""19:00""}, ""thursday"": {""open"": ""08:00"", ""close"": ""19:00""}, ""friday"": {""open"": ""08:00"", ""close"": ""19:00""}, ""saturday"": {""open"": ""08:00"", ""close"": ""19:00""}, ""sunday"": {""open"": ""09:00"", ""close"": ""18:00""}}","true","8:00 AM - 7:00 PM","Open Slots","{""open_hour"": 8, ""close_hour"": 19, ""open_minute"": 0, ""close_minute"": 0}","[{""slot"": ""08:00-10:00"", ""available"": true}, {""slot"": ""10:00-12:00"", ""available"": true}]","9.7410","118.7410","pending","",""
"7fddf770-a071-44bc-a4e4-32e51bb7db45","Dolores","Martinez","Mangingisda Laundry","Fishermen's Village, Brgy. Mangingisda, Puerto Princesa City","0967-333-4444","","","","mangingisda","mangingisda@gmail.com","","[{""service"": ""Fishing Uniforms"", ""price"": 35}, {""service"": ""Boat Linens"", ""price"": 45}, {""service"": ""Fishermen Discount"", ""price"": 28}]","true","Specialized laundry service for the fishing community in Mangingisda, cleaning fishing uniforms and boat linens with community discounts.","Fishermen's Village, Brgy. Mangingisda","{""monday"": {""open"": ""06:00"", ""close"": ""19:00""}, ""tuesday"": {""open"": ""06:00"", ""close"": ""19:00""}, ""wednesday"": {""open"": ""06:00"", ""close"": ""19:00""}, ""thursday"": {""open"": ""06:00"", ""close"": ""19:00""}, ""friday"": {""open"": ""06:00"", ""close"": ""19:00""}, ""saturday"": {""open"": ""06:00"", ""close"": ""19:00""}, ""sunday"": {""open"": ""07:00"", ""close"": ""18:00""}}","true","6:00 AM - 7:00 PM","Open Slots","{""open_hour"": 6, ""close_hour"": 19, ""open_minute"": 0, ""close_minute"": 0}","[{""slot"": ""06:00-08:00"", ""available"": true}, {""slot"": ""08:00-10:00"", ""available"": true}]","9.7440","118.7440","pending","",""
"61f9278e-3647-4b19-b541-aac38101961b","Ignacio","Perez","Maranatha Laundry","Proper, Brgy. Maranatha, Puerto Princesa City","0968-444-5555","","","","maranatha","maranatha@yahoo.com","","[{""service"": ""Regular Wash"", ""price"": 34}, {""service"": ""Community Service"", ""price"": 30}, {""service"": ""Church Linens"", ""price"": 40}]","true","Community-focused laundry in Maranatha serving local residents and religious institutions with specialized church linen cleaning.","Proper, Brgy. Maranatha","{""monday"": {""open"": ""08:00"", ""close"": ""18:00""}, ""tuesday"": {""open"": ""08:00"", ""close"": ""18:00""}, ""wednesday"": {""open"": ""08:00"", ""close"": ""18:00""}, ""thursday"": {""open"": ""08:00"", ""close"": ""18:00""}, ""friday"": {""open"": ""08:00"", ""close"": ""18:00""}, ""saturday"": {""open"": ""08:00"", ""close"": ""18:00""}, ""sunday"": {""open"": ""09:00"", ""close"": ""17:00""}}","true","8:00 AM - 6:00 PM","Open Slots","{""open_hour"": 8, ""close_hour"": 18, ""open_minute"": 0, ""close_minute"": 0}","[{""slot"": ""08:00-10:00"", ""available"": true}, {""slot"": ""10:00-12:00"", ""available"": true}]","9.7470","118.7470","pending","",""
"9495da5b-5a31-4ab5-8660-14e07e4451cb","Blanca","Rivera","Maruyogon Laundry","Purok 3, Brgy. Maruyogon, Puerto Princesa City","0969-555-6666","","","","maruyogon","maruyogon@gmail.com","","[{""service"": ""Wash & Fold"", ""price"": 33}, {""service"": ""Agricultural Work"", ""price"": 40}, {""service"": ""Seasonal Discount"", ""price"": 28}]","true","Rural laundry service in Maruyogon specializing in agricultural work clothes with seasonal discounts for farming families.","Purok 3, Brgy. Maruyogon","{""monday"": {""open"": ""07:30"", ""close"": ""17:30""}, ""tuesday"": {""open"": ""07:30"", ""close"": ""17:30""}, ""wednesday"": {""open"": ""07:30"", ""close"": ""17:30""}, ""thursday"": {""open"": ""07:30"", ""close"": ""17:30""}, ""friday"": {""open"": ""07:30"", ""close"": ""17:30""}, ""saturday"": {""open"": ""07:30"", ""close"": ""17:30""}, ""sunday"": {""open"": ""08:00"", ""close"": ""16:00""}}","true","7:30 AM - 5:30 PM","Open Slots","{""open_hour"": 7, ""close_hour"": 17, ""open_minute"": 30, ""close_minute"": 30}","[{""slot"": ""07:30-09:30"", ""available"": true}, {""slot"": ""09:30-11:30"", ""available"": true}]","9.7510","118.7510","pending","",""
"3c1ad81b-a437-4594-a1ec-94a331f676cc","Felipe","Santos","Maunlad Laundry","Zone 2, Brgy. Maunlad, Puerto Princesa City","0970-666-7777","","","","maunlad","maunlad@yahoo.com","","[{""service"": ""Regular Wash"", ""price"": 35}, {""service"": ""Business Shirts"", ""price"": 45}, {""service"": ""Express Service"", ""price"": 48}]","true","Modern laundry service in Maunlad serving business professionals with shirt cleaning and express service options.","Zone 2, Brgy. Maunlad","{""monday"": {""open"": ""08:00"", ""close"": ""19:00""}, ""tuesday"": {""open"": ""08:00"", ""close"": ""19:00""}, ""wednesday"": {""open"": ""08:00"", ""close"": ""19:00""}, ""thursday"": {""open"": ""08:00"", ""close"": ""19:00""}, ""friday"": {""open"": ""08:00"", ""close"": ""19:00""}, ""saturday"": {""open"": ""08:00"", ""close"": ""19:00""}, ""sunday"": {""open"": ""09:00"", ""close"": ""18:00""}}","true","8:00 AM - 7:00 PM","Open Slots","{""open_hour"": 8, ""close_hour"": 19, ""open_minute"": 0, ""close_minute"": 0}","[{""slot"": ""08:00-10:00"", ""available"": true}, {""slot"": ""10:00-12:00"", ""available"": true}]","9.7380","118.7380","pending","",""
"1adb9244-47bf-47f3-b8a7-9a8dfa5271fb","Juana","Mendoza","Maytigued Laundry","Proper, Brgy. Maytigued, Puerto Princesa City","0971-777-8888","","","","maytigued","maytigued@gmail.com","","[{""service"": ""Basic Wash"", ""price"": 29}, {""service"": ""Rural Pricing"", ""price"": 25}, {""service"": ""Same-Day Service"", ""price"": 35}]","true","Budget-friendly laundry in Maytigued serving the rural community with basic wash services and same-day options.","Proper, Brgy. Maytigued","{""monday"": {""open"": ""08:00"", ""close"": ""17:00""}, ""tuesday"": {""open"": ""08:00"", ""close"": ""17:00""}, ""wednesday"": {""open"": ""08:00"", ""close"": ""17:00""}, ""thursday"": {""open"": ""08:00"", ""close"": ""17:00""}, ""friday"": {""open"": ""08:00"", ""close"": ""17:00""}, ""saturday"": {""open"": ""08:00"", ""close"": ""17:00""}, ""sunday"": {""open"": ""09:00"", ""close"": ""16:00""}}","true","8:00 AM - 5:00 PM","Open Slots","{""open_hour"": 8, ""close_hour"": 17, ""open_minute"": 0, ""close_minute"": 0}","[{""slot"": ""08:00-10:00"", ""available"": true}, {""slot"": ""10:00-12:00"", ""available"": true}]","9.7540","118.7540","pending","",""
"2fdf1faf-2f2f-4f2f-d2f2-5678901234cd","Pedro","Hernandez","Montible Laundry","Sitio Proper, Brgy. Montible, Puerto Princesa City","0972-888-9999","","","","montible","montible@yahoo.com","","[{""service"": ""Regular Wash"", ""price"": 34}, {""service"": ""Mountain Gear"", ""price"": 55}, {""service"": ""Hiking Clothes"", ""price"": 48}]","true","Mountain community laundry in Montible specializing in outdoor gear and hiking clothes cleaning for trekkers and locals.","Sitio Proper, Brgy. Montible","{""monday"": {""open"": ""07:30"", ""close"": ""17:30""}, ""tuesday"": {""open"": ""07:30"", ""close"": ""17:30""}, ""wednesday"": {""open"": ""07:30"", ""close"": ""17:30""}, ""thursday"": {""open"": ""07:30"", ""close"": ""17:30""}, ""friday"": {""open"": ""07:30"", ""close"": ""17:30""}, ""saturday"": {""open"": ""07:30"", ""close"": ""17:30""}, ""sunday"": {""open"": ""08:00"", ""close"": ""16:00""}}","true","7:30 AM - 5:30 PM","Open Slots","{""open_hour"": 7, ""close_hour"": 17, ""open_minute"": 30, ""close_minute"": 30}","[{""slot"": ""07:30-09:30"", ""available"": true}, {""slot"": ""09:30-11:30"", ""available"": true}]","9.7580","118.7580","pending","",""
"3fdf1faf-3f3f-4f3f-d3f3-6789012345cd","Regina","Lopez","New Panggangan Laundry","Zone 4, Brgy. New Panggangan, Puerto Princesa City","0973-999-0000","","","","newpanggangan","newpanggangan@gmail.com","","[{""service"": ""Wash & Fold"", ""price"": 33}, {""service"": ""Agricultural"", ""price"": 38}, {""service"": ""Family Rates"", ""price"": 28}]","true","Rural laundry service in New Panggangan serving agricultural families with specialized cleaning and family-friendly pricing.","Zone 4, Brgy. New Panggangan","{""monday"": {""open"": ""07:00"", ""close"": ""18:00""}, ""tuesday"": {""open"": ""07:00"", ""close"": ""18:00""}, ""wednesday"": {""open"": ""07:00"", ""close"": ""18:00""}, ""thursday"": {""open"": ""07:00"", ""close"": ""18:00""}, ""friday"": {""open"": ""07:00"", ""close"": ""18:00""}, ""saturday"": {""open"": ""07:00"", ""close"": ""18:00""}, ""sunday"": {""open"": ""08:00"", ""close"": ""17:00""}}","true","7:00 AM - 6:00 PM","Open Slots","{""open_hour"": 7, ""close_hour"": 18, ""open_minute"": 0, ""close_minute"": 0}","[{""slot"": ""07:00-09:00"", ""available"": true}, {""slot"": ""09:00-11:00"", ""available"": true}]","9.7520","118.7520","pending","",""
"4fdf1faf-4f4f-4f4f-d4f4-7890123456cd","Hector","Diaz","Napsan Laundry","Main Road, Brgy. Napsan, Puerto Princesa City","0974-000-1111","","","","napsanmain","napsanmain@yahoo.com","","[{""service"": ""Regular Wash"", ""price"": 35}, {""service"": ""Tourist Service"", ""price"": 40}, {""service"": ""Camping Gear"", ""price"": 58}]","true","Serving both the Napsan community and tourists with regular laundry and specialized camping gear cleaning services.","Main Road, Brgy. Napsan","{""monday"": {""open"": ""08:00"", ""close"": ""18:00""}, ""tuesday"": {""open"": ""08:00"", ""close"": ""18:00""}, ""wednesday"": {""open"": ""08:00"", ""close"": ""18:00""}, ""thursday"": {""open"": ""08:00"", ""close"": ""18:00""}, ""friday"": {""open"": ""08:00"", ""close"": ""18:00""}, ""saturday"": {""open"": ""08:00"", ""close"": ""18:00""}, ""sunday"": {""open"": ""09:00"", ""close"": ""17:00""}}","true","8:00 AM - 6:00 PM","Open Slots","{""open_hour"": 8, ""close_hour"": 18, ""open_minute"": 0, ""close_minute"": 0}","[{""slot"": ""08:00-10:00"", ""available"": true}, {""slot"": ""10:00-12:00"", ""available"": true}]","9.7680","118.7680","pending","",""
"5fdf1faf-5f5f-4f5f-d5f5-8901234567cd","Norma","Santos","Narra Laundry","Purok 1, Brgy. Narra, Puerto Princesa City","0975-111-2222","","","","narrapp","narrapp@gmail.com","","[{""service"": ""Basic Wash"", ""price"": 31}, {""service"": ""Tree Farm"", ""price"": 35}, {""service"": ""Bulk Service"", ""price"": 26}]","true","Serving the Narra community including tree farm workers with basic wash services and bulk discounts for large orders.","Purok 1, Brgy. Narra","{""monday"": {""open"": ""07:30"", ""close"": ""18:30""}, ""tuesday"": {""open"": ""07:30"", ""close"": ""18:30""}, ""wednesday"": {""open"": ""07:30"", ""close"": ""18:30""}, ""thursday"": {""open"": ""07:30"", ""close"": ""18:30""}, ""friday"": {""open"": ""07:30"", ""close"": ""18:30""}, ""saturday"": {""open"": ""07:30"", ""close"": ""18:30""}, ""sunday"": {""open"": ""08:00"", ""close"": ""17:00""}}","true","7:30 AM - 6:30 PM","Open Slots","{""open_hour"": 7, ""close_hour"": 18, ""open_minute"": 30, ""close_minute"": 30}","[{""slot"": ""07:30-09:30"", ""available"": true}, {""slot"": ""09:30-11:30"", ""available"": true}]","9.7450","118.7450","pending","",""
"6fdf1faf-6f6f-4f6f-d6f6-9012345678cd","Olivia","Fernandez","New Buncag Laundry","Zone 2, Brgy. New Buncag, Puerto Princesa City","0976-222-3333","","","","newbuncag","newbuncag@yahoo.com","","[{""service"": ""Regular Wash"", ""price"": 34}, {""service"": ""Rural Delivery"", ""price"": 18}, {""service"": ""Family Packages"", ""price"": 30}]","true","Rural laundry service in New Buncag offering delivery to remote areas and family package deals for cost savings.","Zone 2, Brgy. New Buncag","{""monday"": {""open"": ""08:00"", ""close"": ""18:00""}, ""tuesday"": {""open"": ""08:00"", ""close"": ""18:00""}, ""wednesday"": {""open"": ""08:00"", ""close"": ""18:00""}, ""thursday"": {""open"": ""08:00"", ""close"": ""18:00""}, ""friday"": {""open"": ""08:00"", ""close"": ""18:00""}, ""saturday"": {""open"": ""08:00"", ""close"": ""18:00""}, ""sunday"": {""open"": ""09:00"", ""close"": ""17:00""}}","true","8:00 AM - 6:00 PM","Open Slots","{""open_hour"": 8, ""close_hour"": 18, ""open_minute"": 0, ""close_minute"": 0}","[{""slot"": ""08:00-10:00"", ""available"": true}, {""slot"": ""10:00-12:00"", ""available"": true}]","9.7480","118.7480","pending","",""
"7fdf1faf-7f7f-4f7f-d7f7-0123456789cd","Pablo","Reyes","Pagkakaisa Laundry","Purok 4, Brgy. Pagkakaisa, Puerto Princesa City","0977-333-4444","","","","pagkakaisa","pagkakaisa@gmail.com","","[{""service"": ""Wash & Fold"", ""price"": 32}, {""service"": ""Community Rates"", ""price"": 28}, {""service"": ""Bulk Orders"", ""price"": 25}]","true","Community cooperative laundry in Pagkakaisa offering competitive rates for residents and special pricing for bulk orders.","Purok 4, Brgy. Pagkakaisa","{""monday"": {""open"": ""07:00"", ""close"": ""19:00""}, ""tuesday"": {""open"": ""07:00"", ""close"": ""19:00""}, ""wednesday"": {""open"": ""07:00"", ""close"": ""19:00""}, ""thursday"": {""open"": ""07:00"", ""close"": ""19:00""}, ""friday"": {""open"": ""07:00"", ""close"": ""19:00""}, ""saturday"": {""open"": ""07:00"", ""close"": ""19:00""}, ""sunday"": {""open"": ""08:00"", ""close"": ""18:00""}}","true","7:00 AM - 7:00 PM","Open Slots","{""open_hour"": 7, ""close_hour"": 19, ""open_minute"": 0, ""close_minute"": 0}","[{""slot"": ""07:00-09:00"", ""available"": true}, {""slot"": ""09:00-11:00"", ""available"": true}]","9.7410","118.7410","pending","",""
"8fdf1faf-8f8f-4f8f-d8f8-1234567890cd","Rafaela","Castro","Princesa Laundry","Zone 1, Brgy. Princesa, Puerto Princesa City","0978-444-5555","","","","princesa","princesa@yahoo.com","","[{""service"": ""Regular Wash"", ""price"": 36}, {""service"": ""Tourist Laundry"", ""price"": 42}, {""service"": ""Hotel Service"", ""price"": 38}]","true","Serving the Princesa barangay with regular laundry and specialized services for tourists and local hospitality businesses.","Zone 1, Brgy. Princesa","{""monday"": {""open"": ""08:00"", ""close"": ""18:00""}, ""tuesday"": {""open"": ""08:00"", ""close"": ""18:00""}, ""wednesday"": {""open"": ""08:00"", ""close"": ""18:00""}, ""thursday"": {""open"": ""08:00"", ""close"": ""18:00""}, ""friday"": {""open"": ""08:00"", ""close"": ""18:00""}, ""saturday"": {""open"": ""08:00"", ""close"": ""18:00""}, ""sunday"": {""open"": ""09:00"", ""close"": ""17:00""}}","true","8:00 AM - 6:00 PM","Open Slots","{""open_hour"": 8, ""close_hour"": 18, ""open_minute"": 0, ""close_minute"": 0}","[{""slot"": ""08:00-10:00"", ""available"": true}, {""slot"": ""10:00-12:00"", ""available"": true}]","9.7390","118.7390","pending","",""
"9fdf1faf-9f9f-4f9f-d9f9-2345678901cd","Susana","Delgado","Pulang Lupa Laundry","Proper, Brgy. Pulang Lupa, Puerto Princesa City","0979-555-6666","","","","pulanglupa","pulanglupa@gmail.com","","[{""service"": ""Basic Wash"", ""price"": 29}, {""service"": ""Rural Pricing"", ""price"": 25}, {""service"": ""Quick Service"", ""price"": 35}]","true","Budget-friendly laundry in Pulang Lupa serving the rural community with basic wash services and quick turnaround.","Proper, Brgy. Pulang Lupa","{""monday"": {""open"": ""08:00"", ""close"": ""17:00""}, ""tuesday"": {""open"": ""08:00"", ""close"": ""17:00""}, ""wednesday"": {""open"": ""08:00"", ""close"": ""17:00""}, ""thursday"": {""open"": ""08:00"", ""close"": ""17:00""}, ""friday"": {""open"": ""08:00"", ""close"": ""17:00""}, ""saturday"": {""open"": ""08:00"", ""close"": ""17:00""}, ""sunday"": {""open"": ""09:00"", ""close"": ""16:00""}}","true","8:00 AM - 5:00 PM","Open Slots","{""open_hour"": 8, ""close_hour"": 17, ""open_minute"": 0, ""close_minute"": 0}","[{""slot"": ""08:00-10:00"", ""available"": true}, {""slot"": ""10:00-12:00"", ""available"": true}]","9.7530","118.7530","pending","",""
"49fdbbb0-1e24-4569-a5dc-7c934c74ab5f","Tomas","Garcia","Quezon Laundry","Centro, Brgy. Quezon, Puerto Princesa City","0980-666-7777","","","","quezon","quezon@yahoo.com","","[{""service"": ""Regular Wash"", ""price"": 35}, {""service"": ""Government"", ""price"": 32}, {""service"": ""Bulk Discount"", ""price"": 28}]","true","Serving the Quezon barangay community including government workers with regular wash services and bulk discounts.","Centro, Brgy. Quezon","{""monday"": {""open"": ""08:00"", ""close"": ""18:00""}, ""tuesday"": {""open"": ""08:00"", ""close"": ""18:00""}, ""wednesday"": {""open"": ""08:00"", ""close"": ""18:00""}, ""thursday"": {""open"": ""08:00"", ""close"": ""18:00""}, ""friday"": {""open"": ""08:00"", ""close"": ""18:00""}, ""saturday"": {""open"": ""08:00"", ""close"": ""18:00""}, ""sunday"": {""open"": ""09:00"", ""close"": ""17:00""}}","true","8:00 AM - 6:00 PM","Open Slots","{""open_hour"": 8, ""close_hour"": 18, ""open_minute"": 0, ""close_minute"": 0}","[{""slot"": ""08:00-10:00"", ""available"": true}, {""slot"": ""10:00-12:00"", ""available"": true}]","9.7420","118.7420","pending","",""
"1fdf0faf-1f1f-4f1f-d1f1-4567890123cd","Ursula","Rodriguez","Sandoval Laundry","Purok 5, Brgy. Sandoval, Puerto Princesa City","0981-777-8888","","","","sandoval","sandoval@gmail.com","","[{""service"": ""Wash & Fold"", ""price"": 33}, {""service"": ""Rural Community"", ""price"": 29}, {""service"": ""Family Discount"", ""price"": 26}]","true","Community-focused laundry in Sandoval serving rural families with wash & fold services and family discount programs.","Purok 5, Brgy. Sandoval","{""monday"": {""open"": ""07:30"", ""close"": ""18:30""}, ""tuesday"": {""open"": ""07:30"", ""close"": ""18:30""}, ""wednesday"": {""open"": ""07:30"", ""close"": ""18:30""}, ""thursday"": {""open"": ""07:30"", ""close"": ""18:30""}, ""friday"": {""open"": ""07:30"", ""close"": ""18:30""}, ""saturday"": {""open"": ""07:30"", ""close"": ""18:30""}, ""sunday"": {""open"": ""08:00"", ""close"": ""17:00""}}","true","7:30 AM - 6:30 PM","Open Slots","{""open_hour"": 7, ""close_hour"": 18, ""open_minute"": 30, ""close_minute"": 30}","[{""slot"": ""07:30-09:30"", ""available"": true}, {""slot"": ""09:30-11:30"", ""available"": true}]","9.7490","118.7490","pending","",""
"2fdf0faf-2f2f-4f2f-d2f2-5678901234cd","Victor","Silva","Santa Cruz Laundry","Proper, Brgy. Santa Cruz, Puerto Princesa City","0982-888-9999","","","","santacruz","santacruz@yahoo.com","","[{""service"": ""Regular Wash"", ""price"": 34}, {""service"": ""Community Service"", ""price"": 30}, {""service"": ""Church Service"", ""price"": 35}]","true","Community laundry in Santa Cruz serving local residents and religious institutions with regular and specialized services.","Proper, Brgy. Santa Cruz","{""monday"": {""open"": ""08:00"", ""close"": ""18:00""}, ""tuesday"": {""open"": ""08:00"", ""close"": ""18:00""}, ""wednesday"": {""open"": ""08:00"", ""close"": ""18:00""}, ""thursday"": {""open"": ""08:00"", ""close"": ""18:00""}, ""friday"": {""open"": ""08:00"", ""close"": ""18:00""}, ""saturday"": {""open"": ""08:00"", ""close"": ""18:00""}, ""sunday"": {""open"": ""09:00"", ""close"": ""17:00""}}","true","8:00 AM - 6:00 PM","Open Slots","{""open_hour"": 8, ""close_hour"": 18, ""open_minute"": 0, ""close_minute"": 0}","[{""slot"": ""08:00-10:00"", ""available"": true}, {""slot"": ""10:00-12:00"", ""available"": true}]","9.7460","118.7460","pending","",""
"3fdf0faf-3f3f-4f3f-d3f3-6789012345cd","Wilma","Torres","Santa Lucia Laundry","Zone 3, Brgy. Santa Lucia, Puerto Princesa City","0983-999-0000","","","","santalucia","santalucia@gmail.com","","[{""service"": ""Wash & Fold"", ""price"": 36}, {""service"": ""Rural Delivery"", ""price"": 22}, {""service"": ""Seasonal Rates"", ""price"": 30}]","true","Rural laundry service in Santa Lucia with delivery options and seasonal pricing to serve the farming community year-round.","Zone 3, Brgy. Santa Lucia","{""monday"": {""open"": ""07:30"", ""close"": ""18:30""}, ""tuesday"": {""open"": ""07:30"", ""close"": ""18:30""}, ""wednesday"": {""open"": ""07:30"", ""close"": ""18:30""}, ""thursday"": {""open"": ""07:30"", ""close"": ""18:30""}, ""friday"": {""open"": ""07:30"", ""close"": ""18:30""}, ""saturday"": {""open"": ""07:30"", ""close"": ""18:30""}, ""sunday"": {""open"": ""08:00"", ""close"": ""17:00""}}","true","7:30 AM - 6:30 PM","Open Slots","{""open_hour"": 7, ""close_hour"": 18, ""open_minute"": 30, ""close_minute"": 30}","[{""slot"": ""07:30-09:30"", ""available"": true}, {""slot"": ""09:30-11:30"", ""available"": true}]","9.7510","118.7510","pending","",""
"4fdf0faf-4f4f-4f4f-d4f4-7890123456cd","Xavier","Hernandez","Santa Maria Laundry","Centro, Brgy. Santa Maria, Puerto Princesa City","0984-000-1111","","","","santamaria","santamaria@yahoo.com","","[{""service"": ""Regular Wash"", ""price"": 34}, {""service"": ""Community Focus"", ""price"": 30}, {""service"": ""Quick Turnaround"", ""price"": 38}]","true","Community-focused laundry in Santa Maria providing regular wash services with quick turnaround for local residents.","Centro, Brgy. Santa Maria","{""monday"": {""open"": ""08:00"", ""close"": ""18:00""}, ""tuesday"": {""open"": ""08:00"", ""close"": ""18:00""}, ""wednesday"": {""open"": ""08:00"", ""close"": ""18:00""}, ""thursday"": {""open"": ""08:00"", ""close"": ""18:00""}, ""friday"": {""open"": ""08:00"", ""close"": ""18:00""}, ""saturday"": {""open"": ""08:00"", ""close"": ""18:00""}, ""sunday"": {""open"": ""09:00"", ""close"": ""17:00""}}","true","8:00 AM - 6:00 PM","Open Slots","{""open_hour"": 8, ""close_hour"": 18, ""open_minute"": 0, ""close_minute"": 0}","[{""slot"": ""08:00-10:00"", ""available"": true}, {""slot"": ""10:00-12:00"", ""available"": true}]","9.7440","118.7440","pending","",""
"5fdf0faf-5f5f-4f5f-d5f5-8901234567cd","Yolanda","Ramos","Santa Monica Extension","Extension Road, Brgy. Santa Monica, Puerto Princesa City","0985-111-2222","","","","santaext","santaext@gmail.com","","[{""service"": ""Wash & Fold"", ""price"": 37}, {""service"": ""Extension Service"", ""price"": 42}, {""service"": ""Delivery"", ""price"": 20}]","true","Extension service of Santa Monica laundry providing expanded coverage with delivery options for surrounding communities.","Extension Road, Brgy. Santa Monica","{""monday"": {""open"": ""08:00"", ""close"": ""19:00""}, ""tuesday"": {""open"": ""08:00"", ""close"": ""19:00""}, ""wednesday"": {""open"": ""08:00"", ""close"": ""19:00""}, ""thursday"": {""open"": ""08:00"", ""close"": ""19:00""}, ""friday"": {""open"": ""08:00"", ""close"": ""19:00""}, ""saturday"": {""open"": ""08:00"", ""close"": ""19:00""}, ""sunday"": {""open"": ""09:00"", ""close"": ""18:00""}}","true","8:00 AM - 7:00 PM","Open Slots","{""open_hour"": 8, ""close_hour"": 19, ""open_minute"": 0, ""close_minute"": 0}","[{""slot"": ""08:00-10:00"", ""available"": true}, {""slot"": ""10:00-12:00"", ""available"": true}]","9.7500","118.7500","pending","",""
"6fdf0faf-6f6f-4f6f-d6f6-9012345678cd","Zenaida","Flores","San Pedro Extension","Extension Area, Brgy. San Pedro, Puerto Princesa City","0986-222-3333","","","","sanpedroext","sanpedroext@yahoo.com","","[{""service"": ""Regular Wash"", ""price"": 35}, {""service"": ""Extension Area"", ""price"": 32}, {""service"": ""Same-Day Service"", ""price"": 45}]","true","Extension service for San Pedro area providing regular laundry with same-day service option for urgent needs.","Extension Area, Brgy. San Pedro","{""monday"": {""open"": ""07:30"", ""close"": ""18:30""}, ""tuesday"": {""open"": ""07:30"", ""close"": ""18:30""}, ""wednesday"": {""open"": ""07:30"", ""close"": ""18:30""}, ""thursday"": {""open"": ""07:30"", ""close"": ""18:30""}, ""friday"": {""open"": ""07:30"", ""close"": ""18:30""}, ""saturday"": {""open"": ""07:30"", ""close"": ""18:30""}, ""sunday"": {""open"": ""08:00"", ""close"": ""17:00""}}","true","7:30 AM - 6:30 PM","Open Slots","{""open_hour"": 7, ""close_hour"": 18, ""open_minute"": 30, ""close_minute"": 30}","[{""slot"": ""07:30-09:30"", ""available"": true}, {""slot"": ""09:30-11:30"", ""available"": true}]","9.7450","118.7450","pending","",""
"7fdf0faf-7f7f-4f7f-d7f7-0123456789cd","Alberto","Mendoza","San Rafael Extension","Extension Zone, Brgy. San Rafael, Puerto Princesa City","0987-333-4444","","","","sanrafaelext","sanrafaelext@gmail.com","","[{""service"": ""Wash & Fold"", ""price"": 36}, {""service"": ""Extended Hours"", ""price"": 40}, {""service"": ""Rural Delivery"", ""price"": 25}]","true","Extended hours laundry service in San Rafael area providing wash & fold with rural delivery to surrounding communities.","Extension Zone, Brgy. San Rafael","{""monday"": {""open"": ""07:00"", ""close"": ""20:00""}, ""tuesday"": {""open"": ""07:00"", ""close"": ""20:00""}, ""wednesday"": {""open"": ""07:00"", ""close"": ""20:00""}, ""thursday"": {""open"": ""07:00"", ""close"": ""20:00""}, ""friday"": {""open"": ""07:00"", ""close"": ""20:00""}, ""saturday"": {""open"": ""07:00"", ""close"": ""20:00""}, ""sunday"": {""open"": ""08:00"", ""close"": ""19:00""}}","true","7:00 AM - 8:00 PM","Open Slots","{""open_hour"": 7, ""close_hour"": 20, ""open_minute"": 0, ""close_minute"": 0}","[{""slot"": ""07:00-09:00"", ""available"": true}, {""slot"": ""09:00-11:00"", ""available"": true}]","9.7520","118.7520","pending","",""
"8fdf0faf-8f8f-4f8f-d8f8-1234567890cd","Beatriz","Ortega","San Ramon Laundry","Sitio Proper, Brgy. San Ramon, Puerto Princesa City","0988-444-5555","","","","sanramon","sanramon@yahoo.com","","[{""service"": ""Regular Wash"", ""price"": 34}, {""service"": ""Agricultural"", ""price"": 30}, {""service"": ""Bulk Service"", ""price"": 28}]","true","Rural laundry in San Ramon serving the agricultural community with regular wash and bulk service discounts for farming families.","Sitio Proper, Brgy. San Ramon","{""monday"": {""open"": ""07:30"", ""close"": ""18:30""}, ""tuesday"": {""open"": ""07:30"", ""close"": ""18:30""}, ""wednesday"": {""open"": ""07:30"", ""close"": ""18:30""}, ""thursday"": {""open"": ""07:30"", ""close"": ""18:30""}, ""friday"": {""open"": ""07:30"", ""close"": ""18:30""}, ""saturday"": {""open"": ""07:30"", ""close"": ""18:30""}, ""sunday"": {""open"": ""08:00"", ""close"": ""17:00""}}","true","7:30 AM - 6:30 PM","Open Slots","{""open_hour"": 7, ""close_hour"": 18, ""open_minute"": 30, ""close_minute"": 30}","[{""slot"": ""07:30-09:30"", ""available"": true}, {""slot"": ""09:30-11:30"", ""available"": true}]","9.7480","118.7480","pending","",""
"9fdf0faf-9f9f-4f9f-d9f9-2345678901cd","Carlos","Ramos","San Roque Laundry","Zone 2, Brgy. San Roque, Puerto Princesa City","0989-555-6666","","","","sanroque","sanroque@gmail.com","","[{""service"": ""Wash & Fold"", ""price"": 35}, {""service"": ""Community Service"", ""price"": 32}, {""service"": ""Express Service"", ""price"": 42}]","true","Community laundry in San Roque offering wash & fold services with express options for busy residents and families.","Zone 2, Brgy. San Roque","{""monday"": {""open"": ""08:00"", ""close"": ""18:00""}, ""tuesday"": {""open"": ""08:00"", ""close"": ""18:00""}, ""wednesday"": {""open"": ""08:00"", ""close"": ""18:00""}, ""thursday"": {""open"": ""08:00"", ""close"": ""18:00""}, ""friday"": {""open"": ""08:00"", ""close"": ""18:00""}, ""saturday"": {""open"": ""08:00"", ""close"": ""18:00""}, ""sunday"": {""open"": ""09:00"", ""close"": ""17:00""}}","true","8:00 AM - 6:00 PM","Open Slots","{""open_hour"": 8, ""close_hour"": 18, ""open_minute"": 0, ""close_minute"": 0}","[{""slot"": ""08:00-10:00"", ""available"": true}, {""slot"": ""10:00-12:00"", ""available"": true}]","9.7450","118.7450","pending","",""
"0fdf1faf-0f0f-4f0f-d0f0-3456789012cd","Diana","Lopez","San Vicente Laundry","Purok 3, Brgy. San Vicente, Puerto Princesa City","0990-666-7777","","","","sanvicente","sanvicente@yahoo.com","","[{""service"": ""Regular Wash"", ""price"": 33}, {""service"": ""Rural Service"", ""price"": 29}, {""service"": ""Same-Day Service"", ""price"": 38}]","true","Rural-focused laundry in San Vicente providing regular wash services with same-day turnaround for the farming community.","Purok 3, Brgy. San Vicente","{""monday"": {""open"": ""07:00"", ""close"": ""19:00""}, ""tuesday"": {""open"": ""07:00"", ""close"": ""19:00""}, ""wednesday"": {""open"": ""07:00"", ""close"": ""19:00""}, ""thursday"": {""open"": ""07:00"", ""close"": ""19:00""}, ""friday"": {""open"": ""07:00"", ""close"": ""19:00""}, ""saturday"": {""open"": ""07:00"", ""close"": ""19:00""}, ""sunday"": {""open"": ""08:00"", ""close"": ""18:00""}}","true","7:00 AM - 7:00 PM","Open Slots","{""open_hour"": 7, ""close_hour"": 19, ""open_minute"": 0, ""close_minute"": 0}","[{""slot"": ""07:00-09:00"", ""available"": true}, {""slot"": ""09:00-11:00"", ""available"": true}]","9.7510","118.7510","pending","",""
"6f3fdfba-5dd4-4941-848f-c2fa4bdefe27","Esteban","Garcia","Santa Barbara Laundry","Centro, Brgy. Santa Barbara, Puerto Princesa City","0991-777-8888","","","","santabarbara","santabarbara@gmail.com","","[{""service"": ""Wash & Fold"", ""price"": 36}, {""service"": ""Community Focus"", ""price"": 32}, {""service"": ""Delivery Service"", ""price"": 20}]","true","Community-focused laundry in Santa Barbara offering wash & fold services with delivery options for local residents.","Centro, Brgy. Santa Barbara","{""monday"": {""open"": ""08:00"", ""close"": ""18:00""}, ""tuesday"": {""open"": ""08:00"", ""close"": ""18:00""}, ""wednesday"": {""open"": ""08:00"", ""close"": ""18:00""}, ""thursday"": {""open"": ""08:00"", ""close"": ""18:00""}, ""friday"": {""open"": ""08:00"", ""close"": ""18:00""}, ""saturday"": {""open"": ""08:00"", ""close"": ""18:00""}, ""sunday"": {""open"": ""09:00"", ""close"": ""17:00""}}","true","8:00 AM - 6:00 PM","Open Slots","{""open_hour"": 8, ""close_hour"": 18, ""open_minute"": 0, ""close_minute"": 0}","[{""slot"": ""08:00-10:00"", ""available"": true}, {""slot"": ""10:00-12:00"", ""available"": true}]","9.7440","118.7440","pending","",""
"18794f76-811e-4dbf-9c44-65ea8ae2d0e3","Felicia","Martinez","Santa Cruz Extension","Extension Road, Brgy. Santa Cruz, Puerto Princesa City","0992-888-9999","","","","santacruzext","santacruzext@yahoo.com","","[{""service"": ""Regular Wash"", ""price"": 34}, {""service"": ""Extension Service"", ""price"": 30}, {""service"": ""Express Service"", ""price"": 40}]","true","Extension service for Santa Cruz area providing regular laundry with express options for urgent cleaning needs.","Extension Road, Brgy. Santa Cruz","{""monday"": {""open"": ""07:30"", ""close"": ""18:30""}, ""tuesday"": {""open"": ""07:30"", ""close"": ""18:30""}, ""wednesday"": {""open"": ""07:30"", ""close"": ""18:30""}, ""thursday"": {""open"": ""07:30"", ""close"": ""18:30""}, ""friday"": {""open"": ""07:30"", ""close"": ""18:30""}, ""saturday"": {""open"": ""07:30"", ""close"": ""18:30""}, ""sunday"": {""open"": ""08:00"", ""close"": ""17:00""}}","true","7:30 AM - 6:30 PM","Open Slots","{""open_hour"": 7, ""close_hour"": 18, ""open_minute"": 30, ""close_minute"": 30}","[{""slot"": ""07:30-09:30"", ""available"": true}, {""slot"": ""09:30-11:30"", ""available"": true}]","9.7470","118.7470","pending","",""
"74d864ff-8449-41fc-860a-37c69a3cac1c","Gabriel","Hernandez","Santa Lucia Extension","Extension Zone, Brgy. Santa Lucia, Puerto Princesa City","0993-999-0000","","","","santaluciaext","santaluciaext@gmail.com","","[{""service"": ""Wash & Fold"", ""price"": 35}, {""service"": ""Extended Coverage"", ""price"": 38}, {""service"": ""Delivery"", ""price"": 25}]","true","Extended coverage laundry service for Santa Lucia area providing wash & fold with delivery to remote communities.","Extension Zone, Brgy. Santa Lucia","{""monday"": {""open"": ""07:00"", ""close"": ""19:00""}, ""tuesday"": {""open"": ""07:00"", ""close"": ""19:00""}, ""wednesday"": {""open"": ""07:00"", ""close"": ""19:00""}, ""thursday"": {""open"": ""07:00"", ""close"": ""19:00""}, ""friday"": {""open"": ""07:00"", ""close"": ""19:00""}, ""saturday"": {""open"": ""07:00"", ""close"": ""19:00""}, ""sunday"": {""open"": ""08:00"", ""close"": ""18:00""}}","true","7:00 AM - 7:00 PM","Open Slots","{""open_hour"": 7, ""close_hour"": 19, ""open_minute"": 0, ""close_minute"": 0}","[{""slot"": ""07:00-09:00"", ""available"": true}, {""slot"": ""09:00-11:00"", ""available"": true}]","9.7520","118.7520","pending","",""
"56473ace-4319-459e-a81c-449905159079","Humberto","Rodriguez","Santa Maria Extension","Extension Area, Brgy. Santa Maria, Puerto Princesa City","0994-000-1111","","","","santamariaext","santamariaext@yahoo.com","","[{""service"": ""Regular Wash"", ""price"": 33}, {""service"": ""Extension Area"", ""price"": 30}, {""service"": ""Same-Day Service"", ""price"": 38}]","true","Extension area laundry service for Santa Maria providing regular wash with same-day service for urgent needs.","Extension Area, Brgy. Santa Maria","{""monday"": {""open"": ""07:30"", ""close"": ""18:30""}, ""tuesday"": {""open"": ""07:30"", ""close"": ""18:30""}, ""wednesday"": {""open"": ""07:30"", ""close"": ""18:30""}, ""thursday"": {""open"": ""07:30"", ""close"": ""18:30""}, ""friday"": {""open"": ""07:30"", ""close"": ""18:30""}, ""saturday"": {""open"": ""07:30"", ""close"": ""18:30""}, ""sunday"": {""open"": ""08:00"", ""close"": ""17:00""}}","true","7:30 AM - 6:30 PM","Open Slots","{""open_hour"": 7, ""close_hour"": 18, ""open_minute"": 30, ""close_minute"": 30}","[{""slot"": ""07:30-09:30"", ""available"": true}, {""slot"": ""09:30-11:30"", ""available"": true}]","9.7450","118.7450","pending","",""
"7bd09939-da7e-490d-bf65-6c9faa2e5bb7","Ines","Santos","Santa Monica Extension","Extension Zone, Brgy. Santa Monica, Puerto Princesa City","0995-111-2222","","","","santamonicaext","santamonicaext@gmail.com","","[{""service"": ""Wash & Fold"", ""price"": 36}, {""service"": ""Extended Hours"", ""price"": 40}, {""service"": ""Rural Delivery"", ""price"": 22}]","true","Extended hours laundry service in Santa Monica area providing wash & fold with rural delivery to farming communities.","Extension Zone, Brgy. Santa Monica","{""monday"": {""open"": ""07:00"", ""close"": ""20:00""}, ""tuesday"": {""open"": ""07:00"", ""close"": ""20:00""}, ""wednesday"": {""open"": ""07:00"", ""close"": ""20:00""}, ""thursday"": {""open"": ""07:00"", ""close"": ""20:00""}, ""friday"": {""open"": ""07:00"", ""close"": ""20:00""}, ""saturday"": {""open"": ""07:00"", ""close"": ""20:00""}, ""sunday"": {""open"": ""08:00"", ""close"": ""19:00""}}","true","7:00 AM - 8:00 PM","Open Slots","{""open_hour"": 7, ""close_hour"": 20, ""open_minute"": 0, ""close_minute"": 0}","[{""slot"": ""07:00-09:00"", ""available"": true}, {""slot"": ""09:00-11:00"", ""available"": true}]","9.7500","118.7500","pending","",""
"088d2a27-69d4-482b-a9b5-a5fe1339a952","Javier","Hernandez","Tagabinet Laundry","Main Road, Brgy. Tagabinet, Puerto Princesa City","0996-222-3333","","","","tagabinet","tagabinet@yahoo.com","","[{""service"": ""Regular Wash"", ""price"": 34}, {""service"": ""Tourist Service"", ""price"": 40}, {""service"": ""Camping Gear"", ""price"": 55}]","true","Serving both the Tagabinet community and tourists with regular laundry and specialized camping gear cleaning services.","Main Road, Brgy. Tagabinet","{""monday"": {""open"": ""08:00"", ""close"": ""18:00""}, ""tuesday"": {""open"": ""08:00"", ""close"": ""18:00""}, ""wednesday"": {""open"": ""08:00"", ""close"": ""18:00""}, ""thursday"": {""open"": ""08:00"", ""close"": ""18:00""}, ""friday"": {""open"": ""08:00"", ""close"": ""18:00""}, ""saturday"": {""open"": ""08:00"", ""close"": ""18:00""}, ""sunday"": {""open"": ""09:00"", ""close"": ""17:00""}}","true","8:00 AM - 6:00 PM","Open Slots","{""open_hour"": 8, ""close_hour"": 18, ""open_minute"": 0, ""close_minute"": 0}","[{""slot"": ""08:00-10:00"", ""available"": true}, {""slot"": ""10:00-12:00"", ""available"": true}]","9.7650","118.7650","pending","",""
"690e7f3c-cba6-4763-abbf-96bd7ea6cbfb","Karina","Rivera","Tanabag Laundry","Proper, Brgy. Tanabag, Puerto Princesa City","0997-333-4444","","","","tanabag","tanabag@gmail.com","","[{""service"": ""Wash & Fold"", ""price"": 32}, {""service"": ""Rural Community"", ""price"": 28}, {""service"": ""Family Discount"", ""price"": 25}]","true","Community-focused laundry in Tanabag serving rural families with wash & fold services and family discount programs.","Proper, Brgy. Tanabag","{""monday"": {""open"": ""07:30"", ""close"": ""18:30""}, ""tuesday"": {""open"": ""07:30"", ""close"": ""18:30""}, ""wednesday"": {""open"": ""07:30"", ""close"": ""18:30""}, ""thursday"": {""open"": ""07:30"", ""close"": ""18:30""}, ""friday"": {""open"": ""07:30"", ""close"": ""18:30""}, ""saturday"": {""open"": ""07:30"", ""close"": ""18:30""}, ""sunday"": {""open"": ""08:00"", ""close"": ""17:00""}}","true","7:30 AM - 6:30 PM","Open Slots","{""open_hour"": 7, ""close_hour"": 18, ""open_minute"": 30, ""close_minute"": 30}","[{""slot"": ""07:30-09:30"", ""available"": true}, {""slot"": ""09:30-11:30"", ""available"": true}]","9.7580","118.7580","pending","",""
"d89b9e4c-819d-4a91-93a7-9295ff203b6f","Lorenzo","Rodriguez","Tangkalan Laundry","Zone 1, Brgy. Tangkalan, Puerto Princesa City","0998-444-5555","","","","tangkalan","tangkalan@yahoo.com","","[{""service"": ""Regular Wash"", ""price"": 33}, {""service"": ""Rural Service"", ""price"": 29}, {""service"": ""Same-Day Service"", ""price"": 38}]","true","Rural laundry service in Tangkalan providing regular wash with same-day service for the local farming community.","Zone 1, Brgy. Tangkalan","{""monday"": {""open"": ""08:00"", ""close"": ""18:00""}, ""tuesday"": {""open"": ""08:00"", ""close"": ""18:00""}, ""wednesday"": {""open"": ""08:00"", ""close"": ""18:00""}, ""thursday"": {""open"": ""08:00"", ""close"": ""18:00""}, ""friday"": {""open"": ""08:00"", ""close"": ""18:00""}, ""saturday"": {""open"": ""08:00"", ""close"": ""18:00""}, ""sunday"": {""open"": ""09:00"", ""close"": ""17:00""}}","true","8:00 AM - 6:00 PM","Open Slots","{""open_hour"": 8, ""close_hour"": 18, ""open_minute"": 0, ""close_minute"": 0}","[{""slot"": ""08:00-10:00"", ""available"": true}, {""slot"": ""10:00-12:00"", ""available"": true}]","9.7520","118.7520","pending","",""
"3943a762-52eb-4418-bbf8-1e4ae5b6678f","Manuela","Garcia","Taritien Laundry","Proper, Brgy. Taritien, Puerto Princesa City","0999-555-6666","","","","taritien","taritien@gmail.com","","[{""service"": ""Basic Wash"", ""price"": 30}, {""service"": ""Rural Pricing"", ""price"": 26}, {""service"": ""Quick Service"", ""price"": 35}]","true","Budget-friendly laundry in Taritien serving the rural community with basic wash services and quick turnaround.","Proper, Brgy. Taritien","{""monday"": {""open"": ""08:00"", ""close"": ""17:00""}, ""tuesday"": {""open"": ""08:00"", ""close"": ""17:00""}, ""wednesday"": {""open"": ""08:00"", ""close"": ""17:00""}, ""thursday"": {""open"": ""08:00"", ""close"": ""17:00""}, ""friday"": {""open"": ""08:00"", ""close"": ""17:00""}, ""saturday"": {""open"": ""08:00"", ""close"": ""17:00""}, ""sunday"": {""open"": ""09:00"", ""close"": ""16:00""}}","true","8:00 AM - 5:00 PM","Open Slots","{""open_hour"": 8, ""close_hour"": 17, ""open_minute"": 0, ""close_minute"": 0}","[{""slot"": ""08:00-10:00"", ""available"": true}, {""slot"": ""10:00-12:00"", ""available"": true}]","9.7550","118.7550","pending","",""
"5858dad6-b428-4df0-99c0-daa5828724d7","Natalia","Martinez","Tiniguiban Laundry","Zone 3, Brgy. Tiniguiban, Puerto Princesa City","0900-666-7777","","","","tiniguiban","tiniguiban@yahoo.com","","[{""service"": ""Wash & Fold"", ""price"": 35}, {""service"": ""Community Service"", ""price"": 31}, {""service"": ""Bulk Discount"", ""price"": 28}]","true","Community laundry in Tiniguiban offering wash & fold services with bulk discounts for large orders and families.","Zone 3, Brgy. Tiniguiban","{""monday"": {""open"": ""08:00"", ""close"": ""18:00""}, ""tuesday"": {""open"": ""08:00"", ""close"": ""18:00""}, ""wednesday"": {""open"": ""08:00"", ""close"": ""18:00""}, ""thursday"": {""open"": ""08:00"", ""close"": ""18:00""}, ""friday"": {""open"": ""08:00"", ""close"": ""18:00""}, ""saturday"": {""open"": ""08:00"", ""close"": ""18:00""}, ""sunday"": {""open"": ""09:00"", ""close"": ""17:00""}}","true","8:00 AM - 6:00 PM","Open Slots","{""open_hour"": 8, ""close_hour"": 18, ""open_minute"": 0, ""close_minute"": 0}","[{""slot"": ""08:00-10:00"", ""available"": true}, {""slot"": ""10:00-12:00"", ""available"": true}]","9.7480","118.7480","pending","",""
"af21b3ed-00a8-417d-b52a-a59e684331d5","Octavio","Ramos","Tagumpay Laundry","Proper, Brgy. Tagumpay, Puerto Princesa City","0901-777-8888","","","","tagumpay","tagumpay@gmail.com","","[{""service"": ""Regular Wash"", ""price"": 34}, {""service"": ""Rural Community"", ""price"": 30}, {""service"": ""Family Rates"", ""price"": 27}]","true","Rural community laundry in Tagumpay serving families with regular wash services and family-friendly pricing.","Proper, Brgy. Tagumpay","{""monday"": {""open"": ""07:30"", ""close"": ""18:30""}, ""tuesday"": {""open"": ""07:30"", ""close"": ""18:30""}, ""wednesday"": {""open"": ""07:30"", ""close"": ""18:30""}, ""thursday"": {""open"": ""07:30"", ""close"": ""18:30""}, ""friday"": {""open"": ""07:30"", ""close"": ""18:30""}, ""saturday"": {""open"": ""07:30"", ""close"": ""18:30""}, ""sunday"": {""open"": ""08:00"", ""close"": ""17:00""}}","true","7:30 AM - 6:30 PM","Open Slots","{""open_hour"": 7, ""close_hour"": 18, ""open_minute"": 30, ""close_minute"": 30}","[{""slot"": ""07:30-09:30"", ""available"": true}, {""slot"": ""09:30-11:30"", ""available"": true}]","9.7490","118.7490","pending","",""
"68a4fe85-afc1-46f6-8d59-b01d0a2325d1","Patricia","Lopez","Tagumpay Extension","Extension Zone, Brgy. Tagumpay, Puerto Princesa City","0902-888-9999","","","","tagumpayext","tagumpayext@yahoo.com","","[{""service"": ""Wash & Fold"", ""price"": 33}, {""service"": ""Extension Service"", ""price"": 29}, {""service"": ""Quick Service"", ""price"": 36}]","true","Extension service for Tagumpay area providing wash & fold with quick service for urgent laundry needs.","Extension Zone, Brgy. Tagumpay","{""monday"": {""open"": ""08:00"", ""close"": ""18:00""}, ""tuesday"": {""open"": ""08:00"", ""close"": ""18:00""}, ""wednesday"": {""open"": ""08:00"", ""close"": ""18:00""}, ""thursday"": {""open"": ""08:00"", ""close"": ""18:00""}, ""friday"": {""open"": ""08:00"", ""close"": ""18:00""}, ""saturday"": {""open"": ""08:00"", ""close"": ""18:00""}, ""sunday"": {""open"": ""09:00"", ""close"": ""17:00""}}","true","8:00 AM - 6:00 PM","Open Slots","{""open_hour"": 8, ""close_hour"": 18, ""open_minute"": 0, ""close_minute"": 0}","[{""slot"": ""08:00-10:00"", ""available"": true}, {""slot"": ""10:00-12:00"", ""available"": true}]","9.7510","118.7510","pending","",""
"e5b70b29-b76f-47a3-938c-a40b688eec6d","Quintin","Santos","Tanandagao Laundry","Proper, Brgy. Tanandagao, Puerto Princesa City","0903-999-0000","","","","tanandagao","tanandagao@gmail.com","","[{""service"": ""Basic Wash"", ""price"": 31}, {""service"": ""Rural Pricing"", ""price"": 27}, {""service"": ""Family Discount"", ""price"": 24}]","true","Budget-friendly laundry in Tanandagao serving the rural community with basic wash services and family discounts.","Proper, Brgy. Tanandagao","{""monday"": {""open"": ""08:00"", ""close"": ""17:00""}, ""tuesday"": {""open"": ""08:00"", ""close"": ""17:00""}, ""wednesday"": {""open"": ""08:00"", ""close"": ""17:00""}, ""thursday"": {""open"": ""08:00"", ""close"": ""17:00""}, ""friday"": {""open"": ""08:00"", ""close"": ""17:00""}, ""saturday"": {""open"": ""08:00"", ""close"": ""17:00""}, ""sunday"": {""open"": ""09:00"", ""close"": ""16:00""}}","true","8:00 AM - 5:00 PM","Open Slots","{""open_hour"": 8, ""close_hour"": 17, ""open_minute"": 0, ""close_minute"": 0}","[{""slot"": ""08:00-10:00"", ""available"": true}, {""slot"": ""10:00-12:00"", ""available"": true}]","9.7540","118.7540","pending","",""
"19b7091c-c21e-4b52-91c0-a0961fe9425e","Rosario","Rivera","Tarungan Laundry","Zone 2, Brgy. Tarungan, Puerto Princesa City","0904-000-1111","","","","tarungan","tarungan@yahoo.com","","[{""service"": ""Regular Wash"", ""price"": 34}, {""service"": ""Rural Service"", ""price"": 30}, {""service"": ""Bulk Discount"", ""price"": 27}]","true","Rural-focused laundry in Tarungan providing regular wash services with bulk discounts for the farming community.","Zone 2, Brgy. Tarungan","{""monday"": {""open"": ""07:30"", ""close"": ""18:30""}, ""tuesday"": {""open"": ""07:30"", ""close"": ""18:30""}, ""wednesday"": {""open"": ""07:30"", ""close"": ""18:30""}, ""thursday"": {""open"": ""07:30"", ""close"": ""18:30""}, ""friday"": {""open"": ""07:30"", ""close"": ""18:30""}, ""saturday"": {""open"": ""07:30"", ""close"": ""18:30""}, ""sunday"": {""open"": ""08:00"", ""close"": ""17:00""}}","true","7:30 AM - 6:30 PM","Open Slots","{""open_hour"": 7, ""close_hour"": 18, ""open_minute"": 30, ""close_minute"": 30}","[{""slot"": ""07:30-09:30"", ""available"": true}, {""slot"": ""09:30-11:30"", ""available"": true}]","9.7530","118.7530","pending","",""
"2fab1e62-2e09-45a1-8af7-959e5bc8a6c4","Silvestre","Garcia","Tegasip Laundry","Proper, Brgy. Tegasip, Puerto Princesa City","0905-111-2222","","","","tegasip","tegasip@gmail.com","","[{""service"": ""Wash & Fold"", ""price"": 32}, {""service"": ""Community Service"", ""price"": 28}, {""service"": ""Family Rates"", ""price"": 25}]","true","Community-focused laundry in Tegasip serving local families with wash & fold services and family-friendly pricing.","Proper, Brgy. Tegasip","{""monday"": {""open"": ""08:00"", ""close"": ""18:00""}, ""tuesday"": {""open"": ""08:00"", ""close"": ""18:00""}, ""wednesday"": {""open"": ""08:00"", ""close"": ""18:00""}, ""thursday"": {""open"": ""08:00"", ""close"": ""18:00""}, ""friday"": {""open"": ""08:00"", ""close"": ""18:00""}, ""saturday"": {""open"": ""08:00"", ""close"": ""18:00""}, ""sunday"": {""open"": ""09:00"", ""close"": ""17:00""}}","true","8:00 AM - 6:00 PM","Open Slots","{""open_hour"": 8, ""close_hour"": 18, ""open_minute"": 0, close_minute"""": 0}""","[{""slot"": ""08:00-10:00"", ""available"": true}, {""slot"": ""10:00-12:00"", ""available"": true}]","9.7550","118.7550","pending","",""
"92a2ff51-17e6-4b9e-98a0-ee500867df55","Teresa","Lopez","Tiniguiban Extension","Extension Road, Brgy. Tiniguiban, Puerto Princesa City","0906-222-3333","","","","tiniguibanext","tiniguibanext@yahoo.com","","[{""service"": ""Regular Wash"", ""price"": 35}, {""service"": ""Extension Service"", ""price"": 31}, {""service"": ""Express Service"", ""price"": 40}]","true","Extension service for Tiniguiban area providing regular laundry with express options for urgent cleaning needs.","Extension Road, Brgy. Tiniguiban","{""monday"": {""open"": ""07:30"", ""close"": ""18:30""}, ""tuesday"": {""open"": ""07:30"", ""close"": ""18:30""}, ""wednesday"": {""open"": ""07:30"", ""close"": ""18:30""}, ""thursday"": {""open"": ""07:30"", ""close"": ""18:30""}, ""friday"": {""open"": ""07:30"", ""close"": ""18:30""}, ""saturday"": {""open"": ""07:30"", ""close"": ""18:30""}, ""sunday"": {""open"": ""08:00"", ""close"": ""17:00""}}","true","7:30 AM - 6:30 PM","Open Slots","{""open_hour"": 7, ""close_hour"": 18, ""open_minute"": 30, ""close_minute"": 30}","[{""slot"": ""07:30-09:30"", ""available"": true}, {""slot"": ""09:30-11:30"", ""available"": true}]","9.7490","118.7490","pending","",""
"f1f61be6-2a73-418a-ba03-c71655f968b2","Ursula","Garcia","Valencia Laundry","Proper, Brgy. Valencia, Puerto Princesa City","0907-333-4444","","","","valencia","valencia@gmail.com","","[{""service"": ""Basic Wash"", ""price"": 31}, {""service"": ""Rural Pricing"", ""price"": 27}, {""service"": ""Quick Turnaround"", ""price"": 36}]","true","Budget-friendly laundry in Valencia serving the rural community with basic wash services and quick turnaround.","Proper, Brgy. Valencia","{""monday"": {""open"": ""08:00"", ""close"": ""17:00""}, ""tuesday"": {""open"": ""08:00"", ""close"": ""17:00""}, ""wednesday"": {""open"": ""08:00"", ""close"": ""17:00""}, ""thursday"": {""open"": ""08:00"", ""close"": ""17:00""}, ""friday"": {""open"": ""08:00"", ""close"": ""17:00""}, ""saturday"": {""open"": ""08:00"", ""close"": ""17:00""}, ""sunday"": {""open"": ""09:00"", ""close"": ""16:00""}}","true","8:00 AM - 5:00 PM","Open Slots","{""open_hour"": 8, ""close_hour"": 17, ""open_minute"": 0, ""close_minute"": 0}","[{""slot"": ""08:00-10:00"", ""available"": true}, {""slot"": ""10:00-12:00"", ""available"": true}]","9.7540","118.7540","pending","",""
"34918723-cac5-443e-b54f-7cee65f217fe","Victoria","Hernandez","Victoria Laundry","Centro, Brgy. Victoria, Puerto Princesa City","0908-444-5555","","","","victoria","victoria@yahoo.com","","[{""service"": ""Wash & Fold"", ""price"": 36}, {""service"": ""Community Focus"", ""price"": 32}, {""service"": ""Delivery Service"", ""price"": 20}]","true","Community-focused laundry in Victoria offering wash & fold services with delivery options for local residents.","Centro, Brgy. Victoria","{""monday"": {""open"": ""08:00"", ""close"": ""18:00""}, ""tuesday"": {""open"": ""08:00"", ""close"": ""18:00""}, ""wednesday"": {""open"": ""08:00"", ""close"": ""18:00""}, ""thursday"": {""open"": ""08:00"", ""close"": ""18:00""}, ""friday"": {""open"": ""08:00"", ""close"": ""18:00""}, ""saturday"": {""open"": ""08:00"", ""close"": ""18:00""}, ""sunday"": {""open"": ""09:00"", ""close"": ""17:00""}}","true","8:00 AM - 6:00 PM","Open Slots","{""open_hour"": 8, ""close_hour"": 18, ""open_minute"": 0, ""close_minute"": 0}","[{""slot"": ""08:00-10:00"", ""available"": true}, {""slot"": ""10:00-12:00"", ""available"": true}]","9.7430","118.7430","pending","",""
"0ca860f5-3131-4760-9012-92404539046d","Wilfredo","Ramos","Villa Libertad Laundry","Proper, Brgy. Villa Libertad, Puerto Princesa City","0909-555-6666","","","","villalibertad","villalibertad@gmail.com","","[{""service"": ""Regular Wash"", ""price"": 34}, {""service"": ""Rural Community"", ""price"": 30}, {""service"": ""Family Packages"", ""price"": 27}]","true","Rural community laundry in Villa Libertad serving families with regular wash services and family package deals.","Proper, Brgy. Villa Libertad","{""monday"": {""open"": ""07:30"", ""close"": ""18:30""}, ""tuesday"": {""open"": ""07:30"", ""close"": ""18:30""}, ""wednesday"": {""open"": ""07:30"", ""close"": ""18:30""}, ""thursday"": {""open"": ""07:30"", ""close"": ""18:30""}, ""friday"": {""open"": ""07:30"", ""close"": ""18:30""}, ""saturday"": {""open"": ""07:30"", ""close"": ""18:30""}, ""sunday"": {""open"": ""08:00"", ""close"": ""17:00""}}","true","7:30 AM - 6:30 PM","Open Slots","{""open_hour"": 7, ""close_hour"": 18, ""open_minute"": 30, ""close_minute"": 30}","[{""slot"": ""07:30-09:30"", ""available"": true}, {""slot"": ""09:30-11:30"", ""available"": true}]","9.7520","118.7520","pending","",""
